corpus,domain,scenario_id,arm,cached,category,item,desc_match,question_match,answer_match,output_match,gaps_match,label,label_field,label_exact
generic_questions_v1,semiconductor_work,S01,generic,no,activities,Review test request and conditions,none,none,field,exact,field,recovered,recovered,unsupported
generic_questions_v1,semiconductor_work,S01,generic,no,activities,Prepare evaluation setup,field,scatter,field,exact,field,carried,carried,unsupported
generic_questions_v1,semiconductor_work,S01,generic,no,activities,Run verification test,field,field,field,exact,field,carried,carried,unsupported
generic_questions_v1,semiconductor_work,S01,generic,no,activities,Collect result files,none,none,field,field,none,recovered,recovered,missed
generic_questions_v1,semiconductor_work,S01,generic,no,activities,Check result validity,field,none,field,exact,none,carried,carried,unsupported
generic_questions_v1,semiconductor_work,S01,generic,no,activities,Summarize findings in report,none,none,none,none,none,missed,missed,missed
generic_questions_v1,semiconductor_work,S01,generic,no,activities,Share report for review,none,scatter,field,field,scatter,recovered,recovered,missed
generic_questions_v1,semiconductor_work,S01,generic,no,activities,Review report and request clarification if needed,none,none,field,scatter,field,recovered,dropped,missed
generic_questions_v1,semiconductor_work,S01,generic,no,actors,verification engineer,field,field,exact,exact,exact,carried,carried,recovered
generic_questions_v1,semiconductor_work,S01,generic,no,actors,review engineer,none,none,exact,exact,exact,recovered,recovered,recovered
generic_questions_v1,semiconductor_work,S01,generic,no,actors,project owner,none,none,exact,exact,exact,recovered,recovered,recovered
generic_questions_v1,semiconductor_work,S01,generic,no,systems,test execution tool,none,none,scatter,field,field,recovered,unsupported,missed
generic_questions_v1,semiconductor_work,S01,generic,no,systems,result repository,none,none,exact,exact,none,recovered,recovered,recovered
generic_questions_v1,semiconductor_work,S01,generic,no,systems,report template,none,field,exact,exact,none,recovered,recovered,recovered
generic_questions_v1,semiconductor_work,S01,generic,no,systems,email or collaboration tool,none,none,exact,exact,none,recovered,recovered,recovered
generic_questions_v1,semiconductor_work,S01,generic,no,inputs,test request,none,none,exact,exact,exact,recovered,recovered,recovered
generic_questions_v1,semiconductor_work,S01,generic,no,inputs,test condition,none,field,exact,exact,none,recovered,recovered,recovered
generic_questions_v1,semiconductor_work,S01,generic,no,inputs,sample identifier,none,none,exact,exact,none,recovered,recovered,recovered
generic_questions_v1,semiconductor_work,S01,generic,no,inputs,evaluation setup guide,none,scatter,exact,exact,field,recovered,recovered,recovered
generic_questions_v1,semiconductor_work,S01,generic,no,outputs,test result files,field,scatter,field,field,field,carried,carried,missed
generic_questions_v1,semiconductor_work,S01,generic,no,outputs,summary report,none,none,exact,exact,none,recovered,recovered,recovered
generic_questions_v1,semiconductor_work,S01,generic,no,outputs,issue list,none,none,exact,exact,exact,recovered,recovered,recovered
generic_questions_v1,semiconductor_work,S01,generic,no,outputs,review notification,none,none,exact,exact,none,recovered,recovered,recovered
generic_questions_v1,semiconductor_work,S01,generic,no,decisions,Are the result files complete and readable?,none,none,field,field,none,recovered,recovered,missed
generic_questions_v1,semiconductor_work,S01,generic,no,decisions,Do the results contain abnormal patterns?,none,none,field,field,field,recovered,recovered,missed
generic_questions_v1,semiconductor_work,S01,generic,no,exceptions,missing setup information,none,scatter,scatter,scatter,scatter,recovered,missed,missed
generic_questions_v1,semiconductor_work,S01,generic,no,exceptions,test execution failure,none,none,none,field,none,unsupported,unsupported,missed
generic_questions_v1,semiconductor_work,S01,generic,no,exceptions,incomplete result files,none,none,field,field,none,recovered,recovered,missed
generic_questions_v1,semiconductor_work,S01,generic,no,exceptions,unclear abnormal pattern,none,none,exact,exact,exact,recovered,recovered,recovered
generic_questions_v1,semiconductor_work,S01,generic,no,automation_targets,A4: Collect result files,none,none,field,field,none,recovered,recovered,missed
generic_questions_v1,semiconductor_work,S01,generic,no,automation_targets,A5: Check result validity,field,none,field,field,none,carried,carried,missed
generic_questions_v1,semiconductor_work,S01,generic,no,automation_targets,A6: Summarize findings in report,none,none,none,none,none,missed,missed,missed
generic_questions_v1,semiconductor_work,S02,generic,no,activities,Confirm measurement request and wafer identifier,none,none,field,field,scatter,recovered,recovered,missed
generic_questions_v1,semiconductor_work,S02,generic,no,activities,Select suitable measurement equipment,none,none,field,field,none,recovered,recovered,missed
generic_questions_v1,semiconductor_work,S02,generic,no,activities,Check equipment availability and reserve slot,none,none,field,exact,none,recovered,recovered,unsupported
generic_questions_v1,semiconductor_work,S02,generic,no,activities,Prepare wafer according to equipment procedure,none,none,field,field,none,recovered,recovered,missed
generic_questions_v1,semiconductor_work,S02,generic,no,activities,Run measurement recipe,none,none,field,exact,none,recovered,recovered,unsupported
generic_questions_v1,semiconductor_work,S02,generic,no,activities,Validate measurement output,none,field,field,exact,field,recovered,recovered,unsupported
generic_questions_v1,semiconductor_work,S02,generic,no,activities,Upload result and notify requester,none,none,field,scatter,none,recovered,dropped,missed
generic_questions_v1,semiconductor_work,S02,generic,no,actors,measurement engineer,field,field,exact,exact,field,carried,carried,recovered
generic_questions_v1,semiconductor_work,S02,generic,no,actors,equipment owner,none,none,exact,none,exact,dropped,dropped,dropped
generic_questions_v1,semiconductor_work,S02,generic,no,actors,requester,none,none,exact,exact,none,recovered,recovered,recovered
generic_questions_v1,semiconductor_work,S02,generic,no,systems,measurement equipment,none,none,field,exact,scatter,recovered,recovered,unsupported
generic_questions_v1,semiconductor_work,S02,generic,no,systems,equipment reservation system,none,none,exact,exact,exact,recovered,recovered,recovered
generic_questions_v1,semiconductor_work,S02,generic,no,systems,measurement result repository,field,field,exact,exact,field,carried,carried,recovered
generic_questions_v1,semiconductor_work,S02,generic,no,inputs,measurement request,none,none,exact,exact,exact,recovered,recovered,recovered
generic_questions_v1,semiconductor_work,S02,generic,no,inputs,wafer identifier,none,none,exact,exact,none,recovered,recovered,recovered
generic_questions_v1,semiconductor_work,S02,generic,no,inputs,measurement recipe,none,none,exact,exact,none,recovered,recovered,recovered
generic_questions_v1,semiconductor_work,S02,generic,no,inputs,equipment availability,none,none,exact,exact,none,recovered,recovered,recovered
generic_questions_v1,semiconductor_work,S02,generic,no,outputs,measurement result,field,exact,exact,exact,exact,carried,carried,recovered
generic_questions_v1,semiconductor_work,S02,generic,no,outputs,equipment usage record,none,none,exact,exact,scatter,recovered,recovered,recovered
generic_questions_v1,semiconductor_work,S02,generic,no,outputs,request completion notice,none,none,exact,exact,scatter,recovered,recovered,recovered
generic_questions_v1,semiconductor_work,S02,generic,no,decisions,Which equipment is required for the requested measurement?,none,none,scatter,scatter,none,recovered,missed,missed
generic_questions_v1,semiconductor_work,S02,generic,no,decisions,Is the equipment available and qualified?,none,none,field,field,field,recovered,recovered,missed
generic_questions_v1,semiconductor_work,S02,generic,no,decisions,Is the measurement output valid?,none,field,field,exact,field,recovered,recovered,unsupported
generic_questions_v1,semiconductor_work,S02,generic,no,exceptions,equipment unavailable,none,none,none,exact,none,unsupported,unsupported,unsupported
generic_questions_v1,semiconductor_work,S02,generic,no,exceptions,wafer information mismatch,none,none,none,scatter,none,unsupported,missed,missed
generic_questions_v1,semiconductor_work,S02,generic,no,exceptions,recipe not approved,none,none,field,scatter,none,recovered,dropped,missed
generic_questions_v1,semiconductor_work,S02,generic,no,exceptions,invalid measurement output,none,field,exact,exact,field,recovered,recovered,recovered
generic_questions_v1,semiconductor_work,S02,generic,no,automation_targets,A2: Select suitable measurement equipment,none,none,field,field,none,recovered,recovered,missed
generic_questions_v1,semiconductor_work,S02,generic,no,automation_targets,A3: Check equipment availability and reserve slot,none,none,field,field,none,recovered,recovered,missed
generic_questions_v1,semiconductor_work,S02,generic,no,automation_targets,A6: Validate measurement output,none,field,field,field,field,recovered,recovered,missed
generic_questions_v1,semiconductor_work,S03,generic,no,activities,Identify required sample and evaluation purpose,none,scatter,field,exact,none,recovered,recovered,unsupported
generic_questions_v1,semiconductor_work,S03,generic,no,activities,Submit sample transfer request,none,field,field,field,field,recovered,recovered,missed
generic_questions_v1,semiconductor_work,S03,generic,no,activities,Approve transfer request,none,field,field,field,field,recovered,recovered,missed
generic_questions_v1,semiconductor_work,S03,generic,no,activities,Physically confirm sample,none,none,field,field,none,recovered,recovered,missed
generic_questions_v1,semiconductor_work,S03,generic,no,activities,Move sample to target location,none,none,scatter,scatter,none,recovered,missed,missed
generic_questions_v1,semiconductor_work,S03,generic,no,activities,Update sample status after evaluation,field,field,field,exact,field,carried,carried,unsupported
generic_questions_v1,semiconductor_work,S03,generic,no,activities,Submit disposal request for completed sample,none,field,field,scatter,scatter,recovered,dropped,missed
generic_questions_v1,semiconductor_work,S03,generic,no,activities,Approve and record disposal,none,field,field,field,none,recovered,recovered,missed
generic_questions_v1,semiconductor_work,S03,generic,no,actors,sample requester,none,none,exact,exact,none,recovered,recovered,recovered
generic_questions_v1,semiconductor_work,S03,generic,no,actors,sample manager,none,none,exact,exact,none,recovered,recovered,recovered
generic_questions_v1,semiconductor_work,S03,generic,no,actors,verification engineer,none,none,exact,exact,none,recovered,recovered,recovered
generic_questions_v1,semiconductor_work,S03,generic,no,actors,approver,none,none,exact,exact,none,recovered,recovered,recovered
generic_questions_v1,semiconductor_work,S03,generic,no,systems,sample tracking sheet,none,none,exact,exact,exact,recovered,recovered,recovered
generic_questions_v1,semiconductor_work,S03,generic,no,systems,transfer request form,none,field,exact,exact,exact,recovered,recovered,recovered
generic_questions_v1,semiconductor_work,S03,generic,no,systems,approval system,none,scatter,exact,exact,exact,recovered,recovered,recovered
generic_questions_v1,semiconductor_work,S03,generic,no,systems,storage location registry,none,none,exact,exact,exact,recovered,recovered,recovered
generic_questions_v1,semiconductor_work,S03,generic,no,inputs,sample identifier,none,none,exact,exact,exact,recovered,recovered,recovered
generic_questions_v1,semiconductor_work,S03,generic,no,inputs,evaluation purpose,none,none,exact,exact,none,recovered,recovered,recovered
generic_questions_v1,semiconductor_work,S03,generic,no,inputs,target location,none,none,none,scatter,none,unsupported,missed,missed
generic_questions_v1,semiconductor_work,S03,generic,no,inputs,disposal reason,none,none,none,none,none,missed,missed,missed
generic_questions_v1,semiconductor_work,S03,generic,no,outputs,transfer approval,none,scatter,field,scatter,field,recovered,dropped,missed
generic_questions_v1,semiconductor_work,S03,generic,no,outputs,updated sample status,none,none,field,exact,scatter,recovered,recovered,unsupported
generic_questions_v1,semiconductor_work,S03,generic,no,outputs,disposal record,none,field,exact,exact,none,recovered,recovered,recovered
generic_questions_v1,semiconductor_work,S03,generic,no,outputs,physical confirmation note,none,none,field,field,none,recovered,recovered,missed
generic_questions_v1,semiconductor_work,S03,generic,no,decisions,Is the sample available and correctly identified?,none,none,none,scatter,none,unsupported,missed,missed
generic_questions_v1,semiconductor_work,S03,generic,no,decisions,Is disposal allowed after evaluation?,none,field,field,field,none,recovered,recovered,missed
generic_questions_v1,semiconductor_work,S03,generic,no,exceptions,sample identifier mismatch,none,none,exact,exact,exact,recovered,recovered,recovered
generic_questions_v1,semiconductor_work,S03,generic,no,exceptions,missing physical sample,none,field,exact,exact,exact,recovered,recovered,recovered
generic_questions_v1,semiconductor_work,S03,generic,no,exceptions,approval delay,none,none,none,scatter,none,unsupported,missed,missed
generic_questions_v1,semiconductor_work,S03,generic,no,exceptions,retention requirement,none,none,exact,scatter,scatter,recovered,dropped,dropped
generic_questions_v1,semiconductor_work,S03,generic,no,automation_targets,A2: Submit sample transfer request,none,field,field,field,field,recovered,recovered,missed
generic_questions_v1,semiconductor_work,S03,generic,no,automation_targets,A6: Update sample status after evaluation,field,field,field,exact,field,carried,carried,unsupported
generic_questions_v1,semiconductor_work,S03,generic,no,automation_targets,A7: Submit disposal request for completed sample,none,field,field,scatter,scatter,recovered,dropped,missed
generic_questions_v1,semiconductor_work,S04,generic,no,activities,Register defect issue with initial evidence,none,none,field,scatter,none,recovered,dropped,missed
generic_questions_v1,semiconductor_work,S04,generic,no,activities,Classify issue severity and affected scope,none,none,none,scatter,scatter,unsupported,missed,missed
generic_questions_v1,semiconductor_work,S04,generic,no,activities,Notify related teams and assign owners,none,none,field,exact,none,recovered,recovered,unsupported
generic_questions_v1,semiconductor_work,S04,generic,no,activities,Define root-cause hypotheses,none,none,field,field,none,recovered,recovered,missed
generic_questions_v1,semiconductor_work,S04,generic,no,activities,Plan and run follow-up experiment,none,scatter,field,exact,scatter,recovered,recovered,unsupported
generic_questions_v1,semiconductor_work,S04,generic,no,activities,Review experiment result and select improvement action,none,scatter,field,scatter,field,recovered,dropped,missed
generic_questions_v1,semiconductor_work,S04,generic,no,activities,Assess customer risk,none,none,field,exact,scatter,recovered,recovered,unsupported
generic_questions_v1,semiconductor_work,S04,generic,no,activities,Share final report and action items,none,field,field,exact,none,recovered,recovered,unsupported
generic_questions_v1,semiconductor_work,S04,generic,no,actors,issue owner,none,none,exact,exact,exact,recovered,recovered,recovered
generic_questions_v1,semiconductor_work,S04,generic,no,actors,process engineer,none,scatter,exact,exact,none,recovered,recovered,recovered
generic_questions_v1,semiconductor_work,S04,generic,no,actors,quality engineer,none,none,exact,exact,exact,recovered,recovered,recovered
generic_questions_v1,semiconductor_work,S04,generic,no,actors,customer interface owner,none,none,exact,exact,exact,recovered,recovered,recovered
generic_questions_v1,semiconductor_work,S04,generic,no,actors,manager,none,none,exact,exact,none,recovered,recovered,recovered
generic_questions_v1,semiconductor_work,S04,generic,no,systems,issue tracking system,none,none,none,scatter,scatter,unsupported,missed,missed
generic_questions_v1,semiconductor_work,S04,generic,no,systems,experiment log,none,scatter,none,scatter,none,unsupported,missed,missed
generic_questions_v1,semiconductor_work,S04,generic,no,systems,risk report template,field,field,exact,exact,exact,carried,carried,recovered
generic_questions_v1,semiconductor_work,S04,generic,no,systems,collaboration tool,none,none,none,none,none,missed,missed,missed
generic_questions_v1,semiconductor_work,S04,generic,no,inputs,defect description,none,none,exact,exact,scatter,recovered,recovered,recovered
generic_questions_v1,semiconductor_work,S04,generic,no,inputs,sample or lot context,none,none,exact,exact,none,recovered,recovered,recovered
generic_questions_v1,semiconductor_work,S04,generic,no,inputs,initial evidence,none,none,exact,exact,none,recovered,recovered,recovered
generic_questions_v1,semiconductor_work,S04,generic,no,inputs,customer impact assumption,none,none,field,field,field,recovered,recovered,missed
generic_questions_v1,semiconductor_work,S04,generic,no,outputs,issue report,field,none,field,scatter,scatter,carried,lost,missed
generic_questions_v1,semiconductor_work,S04,generic,no,outputs,root-cause hypothesis,none,none,exact,exact,none,recovered,recovered,recovered
generic_questions_v1,semiconductor_work,S04,generic,no,outputs,experiment plan,none,none,field,field,none,recovered,recovered,missed
generic_questions_v1,semiconductor_work,S04,generic,no,outputs,improvement action,none,exact,exact,exact,exact,recovered,recovered,recovered
generic_questions_v1,semiconductor_work,S04,generic,no,outputs,customer risk summary,none,none,exact,exact,scatter,recovered,recovered,recovered
generic_questions_v1,semiconductor_work,S04,generic,no,decisions,Is the issue customer-impacting?,none,none,field,field,scatter,recovered,recovered,missed
generic_questions_v1,semiconductor_work,S04,generic,no,decisions,Does the experiment support the root-cause hypothesis?,none,none,field,field,none,recovered,recovered,missed
generic_questions_v1,semiconductor_work,S04,generic,no,exceptions,insufficient evidence,none,none,none,none,none,missed,missed,missed
generic_questions_v1,semiconductor_work,S04,generic,no,exceptions,unclear owner,none,none,none,none,scatter,missed,missed,missed
generic_questions_v1,semiconductor_work,S04,generic,no,exceptions,experiment delay,none,none,none,scatter,none,unsupported,missed,missed
generic_questions_v1,semiconductor_work,S04,generic,no,exceptions,conflicting root-cause hypotheses,none,none,field,field,none,recovered,recovered,missed
generic_questions_v1,semiconductor_work,S04,generic,no,automation_targets,A1: Register defect issue with initial evidence,none,none,field,scatter,none,recovered,dropped,missed
generic_questions_v1,semiconductor_work,S04,generic,no,automation_targets,A3: Notify related teams and assign owners,none,none,field,exact,none,recovered,recovered,unsupported
generic_questions_v1,semiconductor_work,S04,generic,no,automation_targets,A8: Share final report and action items,none,field,field,field,none,recovered,recovered,missed
generic_questions_v1,semiconductor_work,S05,generic,no,activities,Collect document and related change list,none,scatter,field,field,field,recovered,recovered,missed
generic_questions_v1,semiconductor_work,S05,generic,no,activities,Compare feature changes with document content,none,none,field,field,none,recovered,recovered,missed
generic_questions_v1,semiconductor_work,S05,generic,no,activities,Check terminology and formatting consistency,none,none,field,exact,none,recovered,recovered,unsupported
generic_questions_v1,semiconductor_work,S05,generic,no,activities,Record comments and requested revisions,none,none,field,field,none,recovered,recovered,missed
generic_questions_v1,semiconductor_work,S05,generic,no,activities,Revise document based on comments,none,none,field,scatter,none,recovered,dropped,missed
generic_questions_v1,semiconductor_work,S05,generic,no,activities,Confirm revisions with feature owner,none,none,field,field,field,recovered,recovered,missed
generic_questions_v1,semiconductor_work,S05,generic,no,activities,Approve final document,none,field,field,field,scatter,recovered,recovered,missed
generic_questions_v1,semiconductor_work,S05,generic,no,actors,document reviewer,none,field,exact,exact,exact,recovered,recovered,recovered
generic_questions_v1,semiconductor_work,S05,generic,no,actors,feature owner,none,none,exact,exact,exact,recovered,recovered,recovered
generic_questions_v1,semiconductor_work,S05,generic,no,actors,document author,none,exact,exact,exact,exact,recovered,recovered,recovered
generic_questions_v1,semiconductor_work,S05,generic,no,actors,approver,none,exact,exact,exact,exact,recovered,recovered,recovered
generic_questions_v1,semiconductor_work,S05,generic,no,systems,document repository,none,none,exact,exact,none,recovered,recovered,recovered
generic_questions_v1,semiconductor_work,S05,generic,no,systems,change request tracker,none,field,field,field,none,recovered,recovered,missed
generic_questions_v1,semiconductor_work,S05,generic,no,systems,review checklist,none,field,exact,exact,none,recovered,recovered,recovered
generic_questions_v1,semiconductor_work,S05,generic,no,systems,commenting tool,none,none,exact,exact,none,recovered,recovered,recovered
generic_questions_v1,semiconductor_work,S05,generic,no,inputs,specification document,exact,exact,exact,exact,exact,carried,carried,carried
generic_questions_v1,semiconductor_work,S05,generic,no,inputs,feature change list,none,field,exact,exact,exact,recovered,recovered,recovered
generic_questions_v1,semiconductor_work,S05,generic,no,inputs,previous document version,none,field,exact,exact,field,recovered,recovered,recovered
generic_questions_v1,semiconductor_work,S05,generic,no,inputs,review checklist,none,field,exact,exact,none,recovered,recovered,recovered
generic_questions_v1,semiconductor_work,S05,generic,no,outputs,review comments,none,none,exact,exact,none,recovered,recovered,recovered
generic_questions_v1,semiconductor_work,S05,generic,no,outputs,change request list,none,field,exact,exact,field,recovered,recovered,recovered
generic_questions_v1,semiconductor_work,S05,generic,no,outputs,approval decision,none,none,exact,exact,exact,recovered,recovered,recovered
generic_questions_v1,semiconductor_work,S05,generic,no,outputs,updated document,none,none,exact,field,none,recovered,recovered,dropped
generic_questions_v1,semiconductor_work,S05,generic,no,decisions,Are all feature changes reflected?,field,scatter,field,field,none,carried,carried,missed
generic_questions_v1,semiconductor_work,S05,generic,no,decisions,Are the revisions acceptable?,none,none,field,field,field,recovered,recovered,missed
generic_questions_v1,semiconductor_work,S05,generic,no,exceptions,missing change list,none,scatter,field,field,field,recovered,recovered,missed
generic_questions_v1,semiconductor_work,S05,generic,no,exceptions,conflicting terminology,none,none,none,none,none,missed,missed,missed
generic_questions_v1,semiconductor_work,S05,generic,no,exceptions,unclear feature owner,none,none,field,field,field,recovered,recovered,missed
generic_questions_v1,semiconductor_work,S05,generic,no,exceptions,unresolved comments,none,none,none,none,none,missed,missed,missed
generic_questions_v1,semiconductor_work,S05,generic,no,automation_targets,A2: Compare feature changes with document content,none,none,field,field,none,recovered,recovered,missed
generic_questions_v1,semiconductor_work,S05,generic,no,automation_targets,A3: Check terminology and formatting consistency,none,none,field,exact,none,recovered,recovered,unsupported
generic_questions_v1,semiconductor_work,S05,generic,no,automation_targets,A4: Record comments and requested revisions,none,none,field,field,none,recovered,recovered,missed
generic_questions_v1,semiconductor_work,S06,generic,no,activities,Prepare agenda and issue summary,none,scatter,field,exact,none,recovered,recovered,unsupported
generic_questions_v1,semiconductor_work,S06,generic,no,activities,Schedule meeting with vendor,field,field,field,field,none,carried,carried,missed
generic_questions_v1,semiconductor_work,S06,generic,no,activities,Discuss improvement options,field,none,scatter,field,none,carried,carried,missed
generic_questions_v1,semiconductor_work,S06,generic,no,activities,Record decisions and open questions,none,none,field,field,none,recovered,recovered,missed
generic_questions_v1,semiconductor_work,S06,generic,no,activities,Assign action-item owners and due dates,none,field,field,exact,none,recovered,recovered,unsupported
generic_questions_v1,semiconductor_work,S06,generic,no,activities,Share meeting summary,none,field,field,field,field,recovered,recovered,missed
generic_questions_v1,semiconductor_work,S06,generic,no,activities,Track action-item progress,none,none,field,exact,field,recovered,recovered,unsupported
generic_questions_v1,semiconductor_work,S06,generic,no,actors,equipment engineer,none,none,exact,exact,none,recovered,recovered,recovered
generic_questions_v1,semiconductor_work,S06,generic,no,actors,vendor representative,none,none,exact,exact,exact,recovered,recovered,recovered
generic_questions_v1,semiconductor_work,S06,generic,no,actors,meeting organizer,none,none,exact,exact,none,recovered,recovered,recovered
generic_questions_v1,semiconductor_work,S06,generic,no,actors,action-item owner,field,field,exact,exact,field,carried,carried,recovered
generic_questions_v1,semiconductor_work,S06,generic,no,actors,manager,none,none,exact,exact,none,recovered,recovered,recovered
generic_questions_v1,semiconductor_work,S06,generic,no,systems,calendar system,none,none,none,exact,none,unsupported,unsupported,unsupported
generic_questions_v1,semiconductor_work,S06,generic,no,systems,meeting notes,none,field,exact,exact,exact,recovered,recovered,recovered
generic_questions_v1,semiconductor_work,S06,generic,no,systems,action-item tracker,field,field,exact,exact,exact,carried,carried,recovered
generic_questions_v1,semiconductor_work,S06,generic,no,systems,shared document repository,none,none,exact,exact,none,recovered,recovered,recovered
generic_questions_v1,semiconductor_work,S06,generic,no,inputs,improvement request,none,none,exact,exact,none,recovered,recovered,recovered
generic_questions_v1,semiconductor_work,S06,generic,no,inputs,equipment issue summary,none,scatter,exact,field,none,recovered,recovered,dropped
generic_questions_v1,semiconductor_work,S06,generic,no,inputs,meeting agenda,none,none,field,exact,none,recovered,recovered,unsupported
generic_questions_v1,semiconductor_work,S06,generic,no,inputs,vendor proposal,none,none,none,none,none,missed,missed,missed
generic_questions_v1,semiconductor_work,S06,generic,no,outputs,meeting minutes,none,none,none,none,none,missed,missed,missed
generic_questions_v1,semiconductor_work,S06,generic,no,outputs,action-item list,field,field,exact,exact,field,carried,carried,recovered
generic_questions_v1,semiconductor_work,S06,generic,no,outputs,owner and due date assignments,none,field,exact,field,none,recovered,recovered,dropped
generic_questions_v1,semiconductor_work,S06,generic,no,outputs,updated improvement proposal,none,none,none,scatter,none,unsupported,missed,missed
generic_questions_v1,semiconductor_work,S06,generic,no,decisions,Is the proposed improvement technically feasible?,none,none,none,none,none,missed,missed,missed
generic_questions_v1,semiconductor_work,S06,generic,no,decisions,Are action items clearly owned?,none,field,field,field,field,recovered,recovered,missed
generic_questions_v1,semiconductor_work,S06,generic,no,exceptions,agenda not prepared,none,none,field,scatter,none,recovered,dropped,missed
generic_questions_v1,semiconductor_work,S06,generic,no,exceptions,vendor proposal incomplete,none,none,none,scatter,none,unsupported,missed,missed
generic_questions_v1,semiconductor_work,S06,generic,no,exceptions,unclear owner,none,none,none,none,none,missed,missed,missed
generic_questions_v1,semiconductor_work,S06,generic,no,exceptions,missed follow-up deadline,none,none,none,scatter,none,unsupported,missed,missed
generic_questions_v1,semiconductor_work,S06,generic,no,automation_targets,A2: Schedule meeting with vendor,field,field,field,field,none,carried,carried,missed
generic_questions_v1,semiconductor_work,S06,generic,no,automation_targets,A4: Record decisions and open questions,none,none,field,none,none,dropped,dropped,missed
generic_questions_v1,semiconductor_work,S06,generic,no,automation_targets,A7: Track action-item progress,none,none,field,exact,field,recovered,recovered,unsupported
generic_questions_v1,semiconductor_work,S07,generic,no,activities,Collect meeting notes or transcript,none,field,field,exact,none,recovered,recovered,unsupported
generic_questions_v1,semiconductor_work,S07,generic,no,activities,Extract decisions and action items,none,field,field,exact,field,recovered,recovered,unsupported
generic_questions_v1,semiconductor_work,S07,generic,no,activities,Confirm unclear items with decision owners,none,field,field,field,field,recovered,recovered,missed
generic_questions_v1,semiconductor_work,S07,generic,no,activities,Draft summary email,none,field,field,field,field,recovered,recovered,missed
generic_questions_v1,semiconductor_work,S07,generic,no,activities,Attach or link supporting materials,none,none,none,none,none,missed,missed,missed
generic_questions_v1,semiconductor_work,S07,generic,no,activities,Send email to relevant recipients,none,none,field,field,field,recovered,recovered,missed
generic_questions_v1,semiconductor_work,S07,generic,no,activities,Update task tracker if needed,none,none,none,none,none,missed,missed,missed
generic_questions_v1,semiconductor_work,S07,generic,no,actors,meeting participant,none,field,field,field,none,recovered,recovered,missed
generic_questions_v1,semiconductor_work,S07,generic,no,actors,minute taker,none,none,exact,exact,exact,recovered,recovered,recovered
generic_questions_v1,semiconductor_work,S07,generic,no,actors,decision owner,none,field,exact,exact,exact,recovered,recovered,recovered
generic_questions_v1,semiconductor_work,S07,generic,no,actors,recipient,none,exact,exact,exact,exact,recovered,recovered,recovered
generic_questions_v1,semiconductor_work,S07,generic,no,systems,calendar system,none,exact,exact,exact,exact,recovered,recovered,recovered
generic_questions_v1,semiconductor_work,S07,generic,no,systems,meeting transcript or notes,none,field,field,field,scatter,recovered,recovered,missed
generic_questions_v1,semiconductor_work,S07,generic,no,systems,email client,none,none,none,exact,none,unsupported,unsupported,unsupported
generic_questions_v1,semiconductor_work,S07,generic,no,systems,task tracker,none,none,none,none,none,missed,missed,missed
generic_questions_v1,semiconductor_work,S07,generic,no,inputs,meeting agenda,none,field,exact,exact,none,recovered,recovered,recovered
generic_questions_v1,semiconductor_work,S07,generic,no,inputs,meeting notes or transcript,none,field,field,exact,scatter,recovered,recovered,unsupported
generic_questions_v1,semiconductor_work,S07,generic,no,inputs,participant list,none,scatter,exact,exact,none,recovered,recovered,recovered
generic_questions_v1,semiconductor_work,S07,generic,no,inputs,action-item list,none,field,field,field,field,recovered,recovered,missed
generic_questions_v1,semiconductor_work,S07,generic,no,outputs,meeting summary email,field,field,field,exact,field,carried,carried,unsupported
generic_questions_v1,semiconductor_work,S07,generic,no,outputs,decision list,none,scatter,field,field,scatter,recovered,recovered,missed
generic_questions_v1,semiconductor_work,S07,generic,no,outputs,action-item assignments,none,field,field,field,field,recovered,recovered,missed
generic_questions_v1,semiconductor_work,S07,generic,no,outputs,task tracker updates,none,none,none,none,none,missed,missed,missed
generic_questions_v1,semiconductor_work,S07,generic,no,decisions,Are all action items assigned to owners?,none,scatter,field,field,field,recovered,recovered,missed
generic_questions_v1,semiconductor_work,S07,generic,no,decisions,Does the meeting require task tracking?,none,scatter,none,none,none,missed,missed,missed
generic_questions_v1,semiconductor_work,S07,generic,no,exceptions,missing transcript,none,none,none,none,none,missed,missed,missed
generic_questions_v1,semiconductor_work,S07,generic,no,exceptions,unclear decision owner,none,field,field,field,field,recovered,recovered,missed
generic_questions_v1,semiconductor_work,S07,generic,no,exceptions,recipient list incomplete,none,field,field,field,field,recovered,recovered,missed
generic_questions_v1,semiconductor_work,S07,generic,no,exceptions,confidential content included,none,none,none,none,none,missed,missed,missed
generic_questions_v1,semiconductor_work,S07,generic,no,automation_targets,A2: Extract decisions and action items,none,field,field,exact,field,recovered,recovered,unsupported
generic_questions_v1,semiconductor_work,S07,generic,no,automation_targets,A4: Draft summary email,none,field,field,field,field,recovered,recovered,missed
generic_questions_v1,semiconductor_work,S07,generic,no,automation_targets,A7: Update task tracker if needed,none,none,none,none,none,missed,missed,missed
generic_questions_v1,semiconductor_work,S08,generic,no,activities,Collect meeting time and participant count,none,scatter,scatter,scatter,scatter,recovered,missed,missed
generic_questions_v1,semiconductor_work,S08,generic,no,activities,Check room availability,field,exact,field,exact,none,carried,carried,unsupported
generic_questions_v1,semiconductor_work,S08,generic,no,activities,Select room matching capacity and equipment needs,none,none,field,scatter,field,recovered,dropped,missed
generic_questions_v1,semiconductor_work,S08,generic,no,activities,Reserve selected room,field,none,field,field,field,carried,carried,missed
generic_questions_v1,semiconductor_work,S08,generic,no,activities,Create or update calendar invitation,none,none,field,exact,field,recovered,recovered,unsupported
generic_questions_v1,semiconductor_work,S08,generic,no,activities,Notify participants of room information,field,field,field,exact,none,carried,carried,unsupported
generic_questions_v1,semiconductor_work,S08,generic,no,actors,meeting organizer,field,scatter,scatter,scatter,scatter,carried,lost,missed
generic_questions_v1,semiconductor_work,S08,generic,no,actors,meeting participants,field,scatter,field,scatter,scatter,carried,lost,missed
generic_questions_v1,semiconductor_work,S08,generic,no,actors,facility system,none,scatter,scatter,none,none,dropped,missed,missed
generic_questions_v1,semiconductor_work,S08,generic,no,systems,calendar system,none,scatter,exact,exact,scatter,recovered,recovered,recovered
generic_questions_v1,semiconductor_work,S08,generic,no,systems,room reservation system,none,field,exact,exact,field,recovered,recovered,recovered
generic_questions_v1,semiconductor_work,S08,generic,no,systems,email or collaboration tool,none,none,exact,exact,field,recovered,recovered,recovered
generic_questions_v1,semiconductor_work,S08,generic,no,inputs,meeting date and time,none,scatter,scatter,field,scatter,recovered,unsupported,missed
generic_questions_v1,semiconductor_work,S08,generic,no,inputs,participant count,none,none,exact,exact,exact,recovered,recovered,recovered
generic_questions_v1,semiconductor_work,S08,generic,no,inputs,location preference,none,none,none,exact,none,unsupported,unsupported,unsupported
generic_questions_v1,semiconductor_work,S08,generic,no,inputs,equipment needs,none,none,none,none,none,missed,missed,missed
generic_questions_v1,semiconductor_work,S08,generic,no,outputs,room reservation,none,field,exact,exact,scatter,recovered,recovered,recovered
generic_questions_v1,semiconductor_work,S08,generic,no,outputs,calendar invitation,none,exact,exact,exact,exact,recovered,recovered,recovered
generic_questions_v1,semiconductor_work,S08,generic,no,outputs,participant notification,none,exact,field,exact,field,recovered,recovered,unsupported
generic_questions_v1,semiconductor_work,S08,generic,no,decisions,Is a suitable room available?,none,field,field,exact,field,recovered,recovered,unsupported
generic_questions_v1,semiconductor_work,S08,generic,no,decisions,Does the meeting require special equipment?,none,scatter,none,scatter,none,unsupported,missed,missed
generic_questions_v1,semiconductor_work,S08,generic,no,exceptions,room unavailable,none,field,none,field,field,unsupported,unsupported,missed
generic_questions_v1,semiconductor_work,S08,generic,no,exceptions,participant count changes,none,none,exact,exact,field,recovered,recovered,recovered
generic_questions_v1,semiconductor_work,S08,generic,no,exceptions,reservation conflict,none,scatter,exact,exact,exact,recovered,recovered,recovered
generic_questions_v1,semiconductor_work,S08,generic,no,exceptions,equipment unavailable,none,none,none,field,scatter,unsupported,unsupported,missed
generic_questions_v1,semiconductor_work,S08,generic,no,automation_targets,A2: Check room availability,field,field,field,field,none,carried,carried,missed
generic_questions_v1,semiconductor_work,S08,generic,no,automation_targets,A3: Select room matching capacity and equipment needs,none,none,field,scatter,field,recovered,dropped,missed
generic_questions_v1,semiconductor_work,S08,generic,no,automation_targets,A5: Create or update calendar invitation,none,none,field,field,field,recovered,recovered,missed
generic_questions_v1,semiconductor_work,S01,gapelicit,no,activities,Review test request and conditions,none,none,field,field,scatter,recovered,recovered,missed
generic_questions_v1,semiconductor_work,S01,gapelicit,no,activities,Prepare evaluation setup,field,none,none,scatter,none,carried,lost,missed
generic_questions_v1,semiconductor_work,S01,gapelicit,no,activities,Run verification test,field,field,field,field,field,carried,carried,missed
generic_questions_v1,semiconductor_work,S01,gapelicit,no,activities,Collect result files,none,none,field,field,none,recovered,recovered,missed
generic_questions_v1,semiconductor_work,S01,gapelicit,no,activities,Check result validity,field,none,field,field,none,carried,carried,missed
generic_questions_v1,semiconductor_work,S01,gapelicit,no,activities,Summarize findings in report,none,field,field,scatter,none,recovered,dropped,missed
generic_questions_v1,semiconductor_work,S01,gapelicit,no,activities,Share report for review,none,none,field,scatter,scatter,recovered,dropped,missed
generic_questions_v1,semiconductor_work,S01,gapelicit,no,activities,Review report and request clarification if needed,none,none,field,scatter,none,recovered,dropped,missed
generic_questions_v1,semiconductor_work,S01,gapelicit,no,actors,verification engineer,field,scatter,exact,exact,none,carried,carried,recovered
generic_questions_v1,semiconductor_work,S01,gapelicit,no,actors,review engineer,none,none,exact,exact,none,recovered,recovered,recovered
generic_questions_v1,semiconductor_work,S01,gapelicit,no,actors,project owner,none,none,exact,exact,exact,recovered,recovered,recovered
generic_questions_v1,semiconductor_work,S01,gapelicit,no,systems,test execution tool,none,field,exact,exact,exact,recovered,recovered,recovered
generic_questions_v1,semiconductor_work,S01,gapelicit,no,systems,result repository,none,none,exact,exact,exact,recovered,recovered,recovered
generic_questions_v1,semiconductor_work,S01,gapelicit,no,systems,report template,none,none,exact,exact,exact,recovered,recovered,recovered
generic_questions_v1,semiconductor_work,S01,gapelicit,no,systems,email or collaboration tool,none,none,exact,exact,field,recovered,recovered,recovered
generic_questions_v1,semiconductor_work,S01,gapelicit,no,inputs,test request,none,none,exact,exact,none,recovered,recovered,recovered
generic_questions_v1,semiconductor_work,S01,gapelicit,no,inputs,test condition,none,scatter,scatter,scatter,scatter,recovered,missed,missed
generic_questions_v1,semiconductor_work,S01,gapelicit,no,inputs,sample identifier,none,none,none,none,none,missed,missed,missed
generic_questions_v1,semiconductor_work,S01,gapelicit,no,inputs,evaluation setup guide,none,none,none,scatter,none,unsupported,missed,missed
generic_questions_v1,semiconductor_work,S01,gapelicit,no,outputs,test result files,field,field,exact,field,field,carried,carried,dropped
generic_questions_v1,semiconductor_work,S01,gapelicit,no,outputs,summary report,none,none,none,field,none,unsupported,unsupported,missed
generic_questions_v1,semiconductor_work,S01,gapelicit,no,outputs,issue list,none,none,none,none,none,missed,missed,missed
generic_questions_v1,semiconductor_work,S01,gapelicit,no,outputs,review notification,none,none,none,none,none,missed,missed,missed
generic_questions_v1,semiconductor_work,S01,gapelicit,no,decisions,Are the result files complete and readable?,none,scatter,field,field,none,recovered,recovered,missed
generic_questions_v1,semiconductor_work,S01,gapelicit,no,decisions,Do the results contain abnormal patterns?,none,none,field,field,field,recovered,recovered,missed
generic_questions_v1,semiconductor_work,S01,gapelicit,no,exceptions,missing setup information,none,none,none,scatter,none,unsupported,missed,missed
generic_questions_v1,semiconductor_work,S01,gapelicit,no,exceptions,test execution failure,none,none,field,field,field,recovered,recovered,missed
generic_questions_v1,semiconductor_work,S01,gapelicit,no,exceptions,incomplete result files,none,none,field,field,none,recovered,recovered,missed
generic_questions_v1,semiconductor_work,S01,gapelicit,no,exceptions,unclear abnormal pattern,none,none,field,field,field,recovered,recovered,missed
generic_questions_v1,semiconductor_work,S01,gapelicit,no,automation_targets,A4: Collect result files,none,none,field,field,none,recovered,recovered,missed
generic_questions_v1,semiconductor_work,S01,gapelicit,no,automation_targets,A5: Check result validity,field,none,field,field,none,carried,carried,missed
generic_questions_v1,semiconductor_work,S01,gapelicit,no,automation_targets,A6: Summarize findings in report,none,field,field,scatter,none,recovered,dropped,missed
generic_questions_v1,semiconductor_work,S02,gapelicit,no,activities,Confirm measurement request and wafer identifier,none,none,field,scatter,scatter,recovered,dropped,missed
generic_questions_v1,semiconductor_work,S02,gapelicit,no,activities,Select suitable measurement equipment,none,none,field,scatter,field,recovered,dropped,missed
generic_questions_v1,semiconductor_work,S02,gapelicit,no,activities,Check equipment availability and reserve slot,none,none,field,field,none,recovered,recovered,missed
generic_questions_v1,semiconductor_work,S02,gapelicit,no,activities,Prepare wafer according to equipment procedure,none,none,field,field,none,recovered,recovered,missed
generic_questions_v1,semiconductor_work,S02,gapelicit,no,activities,Run measurement recipe,none,none,field,exact,none,recovered,recovered,unsupported
generic_questions_v1,semiconductor_work,S02,gapelicit,no,activities,Validate measurement output,none,field,field,exact,field,recovered,recovered,unsupported
generic_questions_v1,semiconductor_work,S02,gapelicit,no,activities,Upload result and notify requester,none,none,field,field,scatter,recovered,recovered,missed
generic_questions_v1,semiconductor_work,S02,gapelicit,no,actors,measurement engineer,field,field,exact,exact,none,carried,carried,recovered
generic_questions_v1,semiconductor_work,S02,gapelicit,no,actors,equipment owner,none,none,none,none,none,missed,missed,missed
generic_questions_v1,semiconductor_work,S02,gapelicit,no,actors,requester,none,none,exact,exact,exact,recovered,recovered,recovered
generic_questions_v1,semiconductor_work,S02,gapelicit,no,systems,measurement equipment,none,none,field,scatter,field,recovered,dropped,missed
generic_questions_v1,semiconductor_work,S02,gapelicit,no,systems,equipment reservation system,none,none,field,field,scatter,recovered,recovered,missed
generic_questions_v1,semiconductor_work,S02,gapelicit,no,systems,measurement result repository,field,field,exact,exact,exact,carried,carried,recovered
generic_questions_v1,semiconductor_work,S02,gapelicit,no,inputs,measurement request,none,none,exact,exact,exact,recovered,recovered,recovered
generic_questions_v1,semiconductor_work,S02,gapelicit,no,inputs,wafer identifier,none,none,none,none,none,missed,missed,missed
generic_questions_v1,semiconductor_work,S02,gapelicit,no,inputs,measurement recipe,none,none,exact,exact,none,recovered,recovered,recovered
generic_questions_v1,semiconductor_work,S02,gapelicit,no,inputs,equipment availability,none,none,exact,exact,exact,recovered,recovered,recovered
generic_questions_v1,semiconductor_work,S02,gapelicit,no,outputs,measurement result,field,exact,exact,exact,exact,carried,carried,recovered
generic_questions_v1,semiconductor_work,S02,gapelicit,no,outputs,equipment usage record,none,none,none,field,none,unsupported,unsupported,missed
generic_questions_v1,semiconductor_work,S02,gapelicit,no,outputs,request completion notice,none,none,none,scatter,none,unsupported,missed,missed
generic_questions_v1,semiconductor_work,S02,gapelicit,no,decisions,Which equipment is required for the requested measurement?,none,none,field,scatter,scatter,recovered,dropped,missed
generic_questions_v1,semiconductor_work,S02,gapelicit,no,decisions,Is the equipment available and qualified?,none,none,field,field,field,recovered,recovered,missed
generic_questions_v1,semiconductor_work,S02,gapelicit,no,decisions,Is the measurement output valid?,none,field,field,exact,field,recovered,recovered,unsupported
generic_questions_v1,semiconductor_work,S02,gapelicit,no,exceptions,equipment unavailable,none,none,none,field,field,unsupported,unsupported,missed
generic_questions_v1,semiconductor_work,S02,gapelicit,no,exceptions,wafer information mismatch,none,none,none,scatter,none,unsupported,missed,missed
generic_questions_v1,semiconductor_work,S02,gapelicit,no,exceptions,recipe not approved,none,none,field,scatter,none,recovered,dropped,missed
generic_questions_v1,semiconductor_work,S02,gapelicit,no,exceptions,invalid measurement output,none,field,exact,field,field,recovered,recovered,dropped
generic_questions_v1,semiconductor_work,S02,gapelicit,no,automation_targets,A2: Select suitable measurement equipment,none,none,field,none,field,dropped,dropped,missed
generic_questions_v1,semiconductor_work,S02,gapelicit,no,automation_targets,A3: Check equipment availability and reserve slot,none,none,field,field,none,recovered,recovered,missed
generic_questions_v1,semiconductor_work,S02,gapelicit,no,automation_targets,A6: Validate measurement output,none,field,field,field,field,recovered,recovered,missed
generic_questions_v1,semiconductor_work,S03,gapelicit,no,activities,Identify required sample and evaluation purpose,none,none,field,exact,none,recovered,recovered,unsupported
generic_questions_v1,semiconductor_work,S03,gapelicit,no,activities,Submit sample transfer request,none,field,field,field,field,recovered,recovered,missed
generic_questions_v1,semiconductor_work,S03,gapelicit,no,activities,Approve transfer request,none,field,field,field,field,recovered,recovered,missed
generic_questions_v1,semiconductor_work,S03,gapelicit,no,activities,Physically confirm sample,none,scatter,field,scatter,field,recovered,dropped,missed
generic_questions_v1,semiconductor_work,S03,gapelicit,no,activities,Move sample to target location,none,scatter,field,scatter,none,recovered,dropped,missed
generic_questions_v1,semiconductor_work,S03,gapelicit,no,activities,Update sample status after evaluation,field,field,field,field,field,carried,carried,missed
generic_questions_v1,semiconductor_work,S03,gapelicit,no,activities,Submit disposal request for completed sample,none,scatter,field,field,scatter,recovered,recovered,missed
generic_questions_v1,semiconductor_work,S03,gapelicit,no,activities,Approve and record disposal,none,field,field,field,field,recovered,recovered,missed
generic_questions_v1,semiconductor_work,S03,gapelicit,no,actors,sample requester,none,none,exact,exact,exact,recovered,recovered,recovered
generic_questions_v1,semiconductor_work,S03,gapelicit,no,actors,sample manager,none,none,none,none,none,missed,missed,missed
generic_questions_v1,semiconductor_work,S03,gapelicit,no,actors,verification engineer,none,none,exact,exact,none,recovered,recovered,recovered
generic_questions_v1,semiconductor_work,S03,gapelicit,no,actors,approver,none,none,exact,exact,exact,recovered,recovered,recovered
generic_questions_v1,semiconductor_work,S03,gapelicit,no,systems,sample tracking sheet,none,field,exact,exact,exact,recovered,recovered,recovered
generic_questions_v1,semiconductor_work,S03,gapelicit,no,systems,transfer request form,none,field,exact,exact,exact,recovered,recovered,recovered
generic_questions_v1,semiconductor_work,S03,gapelicit,no,systems,approval system,none,scatter,exact,exact,exact,recovered,recovered,recovered
generic_questions_v1,semiconductor_work,S03,gapelicit,no,systems,storage location registry,none,none,exact,exact,exact,recovered,recovered,recovered
generic_questions_v1,semiconductor_work,S03,gapelicit,no,inputs,sample identifier,none,none,exact,exact,none,recovered,recovered,recovered
generic_questions_v1,semiconductor_work,S03,gapelicit,no,inputs,evaluation purpose,none,none,exact,exact,none,recovered,recovered,recovered
generic_questions_v1,semiconductor_work,S03,gapelicit,no,inputs,target location,none,scatter,none,exact,none,unsupported,unsupported,unsupported
generic_questions_v1,semiconductor_work,S03,gapelicit,no,inputs,disposal reason,none,none,none,scatter,field,unsupported,missed,missed
generic_questions_v1,semiconductor_work,S03,gapelicit,no,outputs,transfer approval,none,scatter,field,scatter,field,recovered,dropped,missed
generic_questions_v1,semiconductor_work,S03,gapelicit,no,outputs,updated sample status,none,field,exact,exact,exact,recovered,recovered,recovered
generic_questions_v1,semiconductor_work,S03,gapelicit,no,outputs,disposal record,none,exact,exact,exact,exact,recovered,recovered,recovered
generic_questions_v1,semiconductor_work,S03,gapelicit,no,outputs,physical confirmation note,none,none,exact,exact,exact,recovered,recovered,recovered
generic_questions_v1,semiconductor_work,S03,gapelicit,no,decisions,Is the sample available and correctly identified?,none,none,none,scatter,none,unsupported,missed,missed
generic_questions_v1,semiconductor_work,S03,gapelicit,no,decisions,Is disposal allowed after evaluation?,none,field,field,scatter,none,recovered,dropped,missed
generic_questions_v1,semiconductor_work,S03,gapelicit,no,exceptions,sample identifier mismatch,none,none,field,field,none,recovered,recovered,missed
generic_questions_v1,semiconductor_work,S03,gapelicit,no,exceptions,missing physical sample,none,none,field,field,field,recovered,recovered,missed
generic_questions_v1,semiconductor_work,S03,gapelicit,no,exceptions,approval delay,none,none,none,none,none,missed,missed,missed
generic_questions_v1,semiconductor_work,S03,gapelicit,no,exceptions,retention requirement,none,none,exact,exact,exact,recovered,recovered,recovered
generic_questions_v1,semiconductor_work,S03,gapelicit,no,automation_targets,A2: Submit sample transfer request,none,field,field,field,field,recovered,recovered,missed
generic_questions_v1,semiconductor_work,S03,gapelicit,no,automation_targets,A6: Update sample status after evaluation,field,field,field,field,field,carried,carried,missed
generic_questions_v1,semiconductor_work,S03,gapelicit,no,automation_targets,A7: Submit disposal request for completed sample,none,scatter,field,field,scatter,recovered,recovered,missed
generic_questions_v1,semiconductor_work,S04,gapelicit,no,activities,Register defect issue with initial evidence,none,none,field,field,none,recovered,recovered,missed
generic_questions_v1,semiconductor_work,S04,gapelicit,no,activities,Classify issue severity and affected scope,none,scatter,field,field,none,recovered,recovered,missed
generic_questions_v1,semiconductor_work,S04,gapelicit,no,activities,Notify related teams and assign owners,none,none,none,none,none,missed,missed,missed
generic_questions_v1,semiconductor_work,S04,gapelicit,no,activities,Define root-cause hypotheses,none,none,none,none,none,missed,missed,missed
generic_questions_v1,semiconductor_work,S04,gapelicit,no,activities,Plan and run follow-up experiment,none,none,none,none,none,missed,missed,missed
generic_questions_v1,semiconductor_work,S04,gapelicit,no,activities,Review experiment result and select improvement action,none,none,field,field,none,recovered,recovered,missed
generic_questions_v1,semiconductor_work,S04,gapelicit,no,activities,Assess customer risk,none,field,field,field,field,recovered,recovered,missed
generic_questions_v1,semiconductor_work,S04,gapelicit,no,activities,Share final report and action items,none,none,field,field,none,recovered,recovered,missed
generic_questions_v1,semiconductor_work,S04,gapelicit,no,actors,issue owner,none,none,exact,exact,none,recovered,recovered,recovered
generic_questions_v1,semiconductor_work,S04,gapelicit,no,actors,process engineer,none,none,exact,exact,none,recovered,recovered,recovered
generic_questions_v1,semiconductor_work,S04,gapelicit,no,actors,quality engineer,none,none,exact,exact,none,recovered,recovered,recovered
generic_questions_v1,semiconductor_work,S04,gapelicit,no,actors,customer interface owner,none,none,exact,exact,none,recovered,recovered,recovered
generic_questions_v1,semiconductor_work,S04,gapelicit,no,actors,manager,none,none,exact,exact,none,recovered,recovered,recovered
generic_questions_v1,semiconductor_work,S04,gapelicit,no,systems,issue tracking system,none,none,exact,exact,none,recovered,recovered,recovered
generic_questions_v1,semiconductor_work,S04,gapelicit,no,systems,experiment log,none,none,none,scatter,none,unsupported,missed,missed
generic_questions_v1,semiconductor_work,S04,gapelicit,no,systems,risk report template,field,field,exact,exact,exact,carried,carried,recovered
generic_questions_v1,semiconductor_work,S04,gapelicit,no,systems,collaboration tool,none,none,none,none,none,missed,missed,missed
generic_questions_v1,semiconductor_work,S04,gapelicit,no,inputs,defect description,none,none,exact,exact,scatter,recovered,recovered,recovered
generic_questions_v1,semiconductor_work,S04,gapelicit,no,inputs,sample or lot context,none,none,exact,exact,none,recovered,recovered,recovered
generic_questions_v1,semiconductor_work,S04,gapelicit,no,inputs,initial evidence,none,none,exact,exact,none,recovered,recovered,recovered
generic_questions_v1,semiconductor_work,S04,gapelicit,no,inputs,customer impact assumption,none,scatter,exact,exact,field,recovered,recovered,recovered
generic_questions_v1,semiconductor_work,S04,gapelicit,no,outputs,issue report,field,none,field,field,none,carried,carried,missed
generic_questions_v1,semiconductor_work,S04,gapelicit,no,outputs,root-cause hypothesis,none,none,none,none,none,missed,missed,missed
generic_questions_v1,semiconductor_work,S04,gapelicit,no,outputs,experiment plan,none,none,none,none,none,missed,missed,missed
generic_questions_v1,semiconductor_work,S04,gapelicit,no,outputs,improvement action,none,none,exact,exact,none,recovered,recovered,recovered
generic_questions_v1,semiconductor_work,S04,gapelicit,no,outputs,customer risk summary,none,field,exact,exact,exact,recovered,recovered,recovered
generic_questions_v1,semiconductor_work,S04,gapelicit,no,decisions,Is the issue customer-impacting?,none,none,field,field,field,recovered,recovered,missed
generic_questions_v1,semiconductor_work,S04,gapelicit,no,decisions,Does the experiment support the root-cause hypothesis?,none,none,none,scatter,none,unsupported,missed,missed
generic_questions_v1,semiconductor_work,S04,gapelicit,no,exceptions,insufficient evidence,none,none,none,none,none,missed,missed,missed
generic_questions_v1,semiconductor_work,S04,gapelicit,no,exceptions,unclear owner,none,none,none,none,none,missed,missed,missed
generic_questions_v1,semiconductor_work,S04,gapelicit,no,exceptions,experiment delay,none,none,none,none,none,missed,missed,missed
generic_questions_v1,semiconductor_work,S04,gapelicit,no,exceptions,conflicting root-cause hypotheses,none,none,none,none,none,missed,missed,missed
generic_questions_v1,semiconductor_work,S04,gapelicit,no,automation_targets,A1: Register defect issue with initial evidence,none,none,field,field,none,recovered,recovered,missed
generic_questions_v1,semiconductor_work,S04,gapelicit,no,automation_targets,A3: Notify related teams and assign owners,none,none,none,none,none,missed,missed,missed
generic_questions_v1,semiconductor_work,S04,gapelicit,no,automation_targets,A8: Share final report and action items,none,none,field,field,none,recovered,recovered,missed
generic_questions_v1,semiconductor_work,S05,gapelicit,no,activities,Collect document and related change list,none,none,field,field,scatter,recovered,recovered,missed
generic_questions_v1,semiconductor_work,S05,gapelicit,no,activities,Compare feature changes with document content,none,none,field,field,none,recovered,recovered,missed
generic_questions_v1,semiconductor_work,S05,gapelicit,no,activities,Check terminology and formatting consistency,none,none,scatter,scatter,none,recovered,missed,missed
generic_questions_v1,semiconductor_work,S05,gapelicit,no,activities,Record comments and requested revisions,none,none,field,field,none,recovered,recovered,missed
generic_questions_v1,semiconductor_work,S05,gapelicit,no,activities,Revise document based on comments,none,none,field,scatter,none,recovered,dropped,missed
generic_questions_v1,semiconductor_work,S05,gapelicit,no,activities,Confirm revisions with feature owner,none,none,field,field,field,recovered,recovered,missed
generic_questions_v1,semiconductor_work,S05,gapelicit,no,activities,Approve final document,none,field,field,field,field,recovered,recovered,missed
generic_questions_v1,semiconductor_work,S05,gapelicit,no,actors,document reviewer,none,field,exact,exact,none,recovered,recovered,recovered
generic_questions_v1,semiconductor_work,S05,gapelicit,no,actors,feature owner,none,none,exact,exact,exact,recovered,recovered,recovered
generic_questions_v1,semiconductor_work,S05,gapelicit,no,actors,document author,none,field,exact,exact,scatter,recovered,recovered,recovered
generic_questions_v1,semiconductor_work,S05,gapelicit,no,actors,approver,none,none,exact,exact,exact,recovered,recovered,recovered
generic_questions_v1,semiconductor_work,S05,gapelicit,no,systems,document repository,none,field,exact,exact,exact,recovered,recovered,recovered
generic_questions_v1,semiconductor_work,S05,gapelicit,no,systems,change request tracker,none,none,exact,exact,exact,recovered,recovered,recovered
generic_questions_v1,semiconductor_work,S05,gapelicit,no,systems,review checklist,none,scatter,exact,exact,none,recovered,recovered,recovered
generic_questions_v1,semiconductor_work,S05,gapelicit,no,systems,commenting tool,none,none,exact,exact,exact,recovered,recovered,recovered
generic_questions_v1,semiconductor_work,S05,gapelicit,no,inputs,specification document,exact,exact,exact,exact,none,carried,carried,carried
generic_questions_v1,semiconductor_work,S05,gapelicit,no,inputs,feature change list,none,field,exact,exact,scatter,recovered,recovered,recovered
generic_questions_v1,semiconductor_work,S05,gapelicit,no,inputs,previous document version,none,field,field,field,field,recovered,recovered,missed
generic_questions_v1,semiconductor_work,S05,gapelicit,no,inputs,review checklist,none,scatter,exact,exact,none,recovered,recovered,recovered
generic_questions_v1,semiconductor_work,S05,gapelicit,no,outputs,review comments,none,none,exact,exact,none,recovered,recovered,recovered
generic_questions_v1,semiconductor_work,S05,gapelicit,no,outputs,change request list,none,none,exact,exact,field,recovered,recovered,recovered
generic_questions_v1,semiconductor_work,S05,gapelicit,no,outputs,approval decision,none,none,exact,exact,exact,recovered,recovered,recovered
generic_questions_v1,semiconductor_work,S05,gapelicit,no,outputs,updated document,none,none,none,none,none,missed,missed,missed
generic_questions_v1,semiconductor_work,S05,gapelicit,no,decisions,Are all feature changes reflected?,field,field,field,field,scatter,carried,carried,missed
generic_questions_v1,semiconductor_work,S05,gapelicit,no,decisions,Are the revisions acceptable?,none,none,field,field,none,recovered,recovered,missed
generic_questions_v1,semiconductor_work,S05,gapelicit,no,exceptions,missing change list,none,none,exact,exact,none,recovered,recovered,recovered
generic_questions_v1,semiconductor_work,S05,gapelicit,no,exceptions,conflicting terminology,none,none,exact,exact,none,recovered,recovered,recovered
generic_questions_v1,semiconductor_work,S05,gapelicit,no,exceptions,unclear feature owner,none,none,exact,exact,exact,recovered,recovered,recovered
generic_questions_v1,semiconductor_work,S05,gapelicit,no,exceptions,unresolved comments,none,none,exact,exact,none,recovered,recovered,recovered
generic_questions_v1,semiconductor_work,S05,gapelicit,no,automation_targets,A2: Compare feature changes with document content,none,none,field,field,none,recovered,recovered,missed
generic_questions_v1,semiconductor_work,S05,gapelicit,no,automation_targets,A3: Check terminology and formatting consistency,none,none,scatter,none,none,dropped,missed,missed
generic_questions_v1,semiconductor_work,S05,gapelicit,no,automation_targets,A4: Record comments and requested revisions,none,none,field,field,none,recovered,recovered,missed
generic_questions_v1,semiconductor_work,S06,gapelicit,no,activities,Prepare agenda and issue summary,none,none,none,scatter,none,unsupported,missed,missed
generic_questions_v1,semiconductor_work,S06,gapelicit,no,activities,Schedule meeting with vendor,field,none,field,field,none,carried,carried,missed
generic_questions_v1,semiconductor_work,S06,gapelicit,no,activities,Discuss improvement options,field,none,none,field,none,carried,carried,missed
generic_questions_v1,semiconductor_work,S06,gapelicit,no,activities,Record decisions and open questions,none,none,field,field,none,recovered,recovered,missed
generic_questions_v1,semiconductor_work,S06,gapelicit,no,activities,Assign action-item owners and due dates,none,none,field,exact,field,recovered,recovered,unsupported
generic_questions_v1,semiconductor_work,S06,gapelicit,no,activities,Share meeting summary,none,field,field,exact,field,recovered,recovered,unsupported
generic_questions_v1,semiconductor_work,S06,gapelicit,no,activities,Track action-item progress,none,field,field,field,field,recovered,recovered,missed
generic_questions_v1,semiconductor_work,S06,gapelicit,no,actors,equipment engineer,none,none,exact,exact,none,recovered,recovered,recovered
generic_questions_v1,semiconductor_work,S06,gapelicit,no,actors,vendor representative,none,none,exact,exact,none,recovered,recovered,recovered
generic_questions_v1,semiconductor_work,S06,gapelicit,no,actors,meeting organizer,none,none,exact,exact,exact,recovered,recovered,recovered
generic_questions_v1,semiconductor_work,S06,gapelicit,no,actors,action-item owner,field,field,exact,exact,field,carried,carried,recovered
generic_questions_v1,semiconductor_work,S06,gapelicit,no,actors,manager,none,none,exact,exact,none,recovered,recovered,recovered
generic_questions_v1,semiconductor_work,S06,gapelicit,no,systems,calendar system,none,none,exact,exact,exact,recovered,recovered,recovered
generic_questions_v1,semiconductor_work,S06,gapelicit,no,systems,meeting notes,none,exact,exact,exact,exact,recovered,recovered,recovered
generic_questions_v1,semiconductor_work,S06,gapelicit,no,systems,action-item tracker,field,field,exact,exact,exact,carried,carried,recovered
generic_questions_v1,semiconductor_work,S06,gapelicit,no,systems,shared document repository,none,field,exact,exact,exact,recovered,recovered,recovered
generic_questions_v1,semiconductor_work,S06,gapelicit,no,inputs,improvement request,none,none,none,scatter,none,unsupported,missed,missed
generic_questions_v1,semiconductor_work,S06,gapelicit,no,inputs,equipment issue summary,none,none,field,scatter,none,recovered,dropped,missed
generic_questions_v1,semiconductor_work,S06,gapelicit,no,inputs,meeting agenda,none,none,none,exact,none,unsupported,unsupported,unsupported
generic_questions_v1,semiconductor_work,S06,gapelicit,no,inputs,vendor proposal,none,none,none,none,none,missed,missed,missed
generic_questions_v1,semiconductor_work,S06,gapelicit,no,outputs,meeting minutes,none,none,exact,exact,exact,recovered,recovered,recovered
generic_questions_v1,semiconductor_work,S06,gapelicit,no,outputs,action-item list,field,field,exact,exact,exact,carried,carried,recovered
generic_questions_v1,semiconductor_work,S06,gapelicit,no,outputs,owner and due date assignments,none,none,exact,field,field,recovered,recovered,dropped
generic_questions_v1,semiconductor_work,S06,gapelicit,no,outputs,updated improvement proposal,none,none,none,scatter,none,unsupported,missed,missed
generic_questions_v1,semiconductor_work,S06,gapelicit,no,decisions,Is the proposed improvement technically feasible?,none,none,none,none,none,missed,missed,missed
generic_questions_v1,semiconductor_work,S06,gapelicit,no,decisions,Are action items clearly owned?,none,field,field,field,field,recovered,recovered,missed
generic_questions_v1,semiconductor_work,S06,gapelicit,no,exceptions,agenda not prepared,none,none,none,scatter,none,unsupported,missed,missed
generic_questions_v1,semiconductor_work,S06,gapelicit,no,exceptions,vendor proposal incomplete,none,none,none,none,none,missed,missed,missed
generic_questions_v1,semiconductor_work,S06,gapelicit,no,exceptions,unclear owner,none,none,none,none,none,missed,missed,missed
generic_questions_v1,semiconductor_work,S06,gapelicit,no,exceptions,missed follow-up deadline,none,field,exact,exact,field,recovered,recovered,recovered
generic_questions_v1,semiconductor_work,S06,gapelicit,no,automation_targets,A2: Schedule meeting with vendor,field,none,field,none,none,lost,lost,missed
generic_questions_v1,semiconductor_work,S06,gapelicit,no,automation_targets,A4: Record decisions and open questions,none,none,field,none,none,dropped,dropped,missed
generic_questions_v1,semiconductor_work,S06,gapelicit,no,automation_targets,A7: Track action-item progress,none,field,field,field,field,recovered,recovered,missed
generic_questions_v1,semiconductor_work,S07,gapelicit,no,activities,Collect meeting notes or transcript,none,scatter,field,field,scatter,recovered,recovered,missed
generic_questions_v1,semiconductor_work,S07,gapelicit,no,activities,Extract decisions and action items,none,field,field,field,field,recovered,recovered,missed
generic_questions_v1,semiconductor_work,S07,gapelicit,no,activities,Confirm unclear items with decision owners,none,field,field,field,scatter,recovered,recovered,missed
generic_questions_v1,semiconductor_work,S07,gapelicit,no,activities,Draft summary email,none,field,field,exact,field,recovered,recovered,unsupported
generic_questions_v1,semiconductor_work,S07,gapelicit,no,activities,Attach or link supporting materials,none,none,none,none,none,missed,missed,missed
generic_questions_v1,semiconductor_work,S07,gapelicit,no,activities,Send email to relevant recipients,none,none,field,field,scatter,recovered,recovered,missed
generic_questions_v1,semiconductor_work,S07,gapelicit,no,activities,Update task tracker if needed,none,none,none,none,none,missed,missed,missed
generic_questions_v1,semiconductor_work,S07,gapelicit,no,actors,meeting participant,none,none,field,field,none,recovered,recovered,missed
generic_questions_v1,semiconductor_work,S07,gapelicit,no,actors,minute taker,none,none,exact,exact,exact,recovered,recovered,recovered
generic_questions_v1,semiconductor_work,S07,gapelicit,no,actors,decision owner,none,field,exact,exact,field,recovered,recovered,recovered
generic_questions_v1,semiconductor_work,S07,gapelicit,no,actors,recipient,none,exact,exact,exact,exact,recovered,recovered,recovered
generic_questions_v1,semiconductor_work,S07,gapelicit,no,systems,calendar system,none,none,none,none,none,missed,missed,missed
generic_questions_v1,semiconductor_work,S07,gapelicit,no,systems,meeting transcript or notes,none,field,field,field,field,recovered,recovered,missed
generic_questions_v1,semiconductor_work,S07,gapelicit,no,systems,email client,none,none,none,exact,none,unsupported,unsupported,unsupported
generic_questions_v1,semiconductor_work,S07,gapelicit,no,systems,task tracker,none,none,none,none,none,missed,missed,missed
generic_questions_v1,semiconductor_work,S07,gapelicit,no,inputs,meeting agenda,none,none,exact,exact,none,recovered,recovered,recovered
generic_questions_v1,semiconductor_work,S07,gapelicit,no,inputs,meeting notes or transcript,none,field,field,exact,field,recovered,recovered,unsupported
generic_questions_v1,semiconductor_work,S07,gapelicit,no,inputs,participant list,none,none,exact,exact,none,recovered,recovered,recovered
generic_questions_v1,semiconductor_work,S07,gapelicit,no,inputs,action-item list,none,field,field,field,field,recovered,recovered,missed
generic_questions_v1,semiconductor_work,S07,gapelicit,no,outputs,meeting summary email,field,field,field,exact,scatter,carried,carried,unsupported
generic_questions_v1,semiconductor_work,S07,gapelicit,no,outputs,decision list,none,scatter,scatter,field,scatter,recovered,unsupported,missed
generic_questions_v1,semiconductor_work,S07,gapelicit,no,outputs,action-item assignments,none,field,field,field,field,recovered,recovered,missed
generic_questions_v1,semiconductor_work,S07,gapelicit,no,outputs,task tracker updates,none,none,none,none,none,missed,missed,missed
generic_questions_v1,semiconductor_work,S07,gapelicit,no,decisions,Are all action items assigned to owners?,none,scatter,field,field,field,recovered,recovered,missed
generic_questions_v1,semiconductor_work,S07,gapelicit,no,decisions,Does the meeting require task tracking?,none,scatter,scatter,none,none,dropped,missed,missed
generic_questions_v1,semiconductor_work,S07,gapelicit,no,exceptions,missing transcript,none,none,none,scatter,none,unsupported,missed,missed
generic_questions_v1,semiconductor_work,S07,gapelicit,no,exceptions,unclear decision owner,none,field,field,field,field,recovered,recovered,missed
generic_questions_v1,semiconductor_work,S07,gapelicit,no,exceptions,recipient list incomplete,none,field,field,field,field,recovered,recovered,missed
generic_questions_v1,semiconductor_work,S07,gapelicit,no,exceptions,confidential content included,none,none,none,none,none,missed,missed,missed
generic_questions_v1,semiconductor_work,S07,gapelicit,no,automation_targets,A2: Extract decisions and action items,none,field,field,field,field,recovered,recovered,missed
generic_questions_v1,semiconductor_work,S07,gapelicit,no,automation_targets,A4: Draft summary email,none,field,field,field,field,recovered,recovered,missed
generic_questions_v1,semiconductor_work,S07,gapelicit,no,automation_targets,A7: Update task tracker if needed,none,none,none,none,none,missed,missed,missed
generic_questions_v1,semiconductor_work,S08,gapelicit,no,activities,Collect meeting time and participant count,none,scatter,field,scatter,none,recovered,dropped,missed
generic_questions_v1,semiconductor_work,S08,gapelicit,no,activities,Check room availability,field,exact,field,exact,none,carried,carried,unsupported
generic_questions_v1,semiconductor_work,S08,gapelicit,no,activities,Select room matching capacity and equipment needs,none,none,field,scatter,scatter,recovered,dropped,missed
generic_questions_v1,semiconductor_work,S08,gapelicit,no,activities,Reserve selected room,field,field,field,field,field,carried,carried,missed
generic_questions_v1,semiconductor_work,S08,gapelicit,no,activities,Create or update calendar invitation,none,none,field,exact,none,recovered,recovered,unsupported
generic_questions_v1,semiconductor_work,S08,gapelicit,no,activities,Notify participants of room information,field,field,field,exact,none,carried,carried,unsupported
generic_questions_v1,semiconductor_work,S08,gapelicit,no,actors,meeting organizer,field,none,scatter,scatter,scatter,carried,lost,missed
generic_questions_v1,semiconductor_work,S08,gapelicit,no,actors,meeting participants,field,scatter,scatter,scatter,field,carried,lost,missed
generic_questions_v1,semiconductor_work,S08,gapelicit,no,actors,facility system,none,none,none,none,none,missed,missed,missed
generic_questions_v1,semiconductor_work,S08,gapelicit,no,systems,calendar system,none,field,exact,exact,exact,recovered,recovered,recovered
generic_questions_v1,semiconductor_work,S08,gapelicit,no,systems,room reservation system,none,field,exact,exact,exact,recovered,recovered,recovered
generic_questions_v1,semiconductor_work,S08,gapelicit,no,systems,email or collaboration tool,none,field,exact,exact,field,recovered,recovered,recovered
generic_questions_v1,semiconductor_work,S08,gapelicit,no,inputs,meeting date and time,none,field,exact,exact,none,recovered,recovered,recovered
generic_questions_v1,semiconductor_work,S08,gapelicit,no,inputs,participant count,none,none,exact,exact,none,recovered,recovered,recovered
generic_questions_v1,semiconductor_work,S08,gapelicit,no,inputs,location preference,none,none,exact,exact,none,recovered,recovered,recovered
generic_questions_v1,semiconductor_work,S08,gapelicit,no,inputs,equipment needs,none,none,exact,exact,none,recovered,recovered,recovered
generic_questions_v1,semiconductor_work,S08,gapelicit,no,outputs,room reservation,none,exact,exact,exact,exact,recovered,recovered,recovered
generic_questions_v1,semiconductor_work,S08,gapelicit,no,outputs,calendar invitation,none,none,exact,exact,none,recovered,recovered,recovered
generic_questions_v1,semiconductor_work,S08,gapelicit,no,outputs,participant notification,none,field,field,exact,field,recovered,recovered,unsupported
generic_questions_v1,semiconductor_work,S08,gapelicit,no,decisions,Is a suitable room available?,none,field,none,exact,field,unsupported,unsupported,unsupported
generic_questions_v1,semiconductor_work,S08,gapelicit,no,decisions,Does the meeting require special equipment?,none,scatter,field,exact,scatter,recovered,recovered,unsupported
generic_questions_v1,semiconductor_work,S08,gapelicit,no,exceptions,room unavailable,none,none,none,none,none,missed,missed,missed
generic_questions_v1,semiconductor_work,S08,gapelicit,no,exceptions,participant count changes,none,none,field,field,none,recovered,recovered,missed
generic_questions_v1,semiconductor_work,S08,gapelicit,no,exceptions,reservation conflict,none,none,none,none,none,missed,missed,missed
generic_questions_v1,semiconductor_work,S08,gapelicit,no,exceptions,equipment unavailable,none,none,none,none,none,missed,missed,missed
generic_questions_v1,semiconductor_work,S08,gapelicit,no,automation_targets,A2: Check room availability,field,field,field,exact,none,carried,carried,unsupported
generic_questions_v1,semiconductor_work,S08,gapelicit,no,automation_targets,A3: Select room matching capacity and equipment needs,none,none,field,scatter,scatter,recovered,dropped,missed
generic_questions_v1,semiconductor_work,S08,gapelicit,no,automation_targets,A5: Create or update calendar invitation,none,none,field,exact,none,recovered,recovered,unsupported
coordinated_questions_v1,semiconductor_work,S01,coordinated,no,activities,Review test request and conditions,none,none,field,exact,field,recovered,recovered,unsupported
coordinated_questions_v1,semiconductor_work,S01,coordinated,no,activities,Prepare evaluation setup,field,none,field,field,field,carried,carried,missed
coordinated_questions_v1,semiconductor_work,S01,coordinated,no,activities,Run verification test,field,field,field,exact,scatter,carried,carried,unsupported
coordinated_questions_v1,semiconductor_work,S01,coordinated,no,activities,Collect result files,none,none,field,field,none,recovered,recovered,missed
coordinated_questions_v1,semiconductor_work,S01,coordinated,no,activities,Check result validity,field,none,field,field,none,carried,carried,missed
coordinated_questions_v1,semiconductor_work,S01,coordinated,no,activities,Summarize findings in report,none,field,field,field,scatter,recovered,recovered,missed
coordinated_questions_v1,semiconductor_work,S01,coordinated,no,activities,Share report for review,none,field,field,field,scatter,recovered,recovered,missed
coordinated_questions_v1,semiconductor_work,S01,coordinated,no,activities,Review report and request clarification if needed,none,none,field,field,field,recovered,recovered,missed
coordinated_questions_v1,semiconductor_work,S01,coordinated,no,actors,verification engineer,field,field,exact,exact,scatter,carried,carried,recovered
coordinated_questions_v1,semiconductor_work,S01,coordinated,no,actors,review engineer,none,none,exact,exact,scatter,recovered,recovered,recovered
coordinated_questions_v1,semiconductor_work,S01,coordinated,no,actors,project owner,none,none,exact,exact,exact,recovered,recovered,recovered
coordinated_questions_v1,semiconductor_work,S01,coordinated,no,systems,test execution tool,none,field,exact,exact,none,recovered,recovered,recovered
coordinated_questions_v1,semiconductor_work,S01,coordinated,no,systems,result repository,none,none,exact,exact,exact,recovered,recovered,recovered
coordinated_questions_v1,semiconductor_work,S01,coordinated,no,systems,report template,none,none,exact,exact,none,recovered,recovered,recovered
coordinated_questions_v1,semiconductor_work,S01,coordinated,no,systems,email or collaboration tool,none,none,exact,exact,none,recovered,recovered,recovered
coordinated_questions_v1,semiconductor_work,S01,coordinated,no,inputs,test request,none,none,exact,exact,exact,recovered,recovered,recovered
coordinated_questions_v1,semiconductor_work,S01,coordinated,no,inputs,test condition,none,field,exact,exact,scatter,recovered,recovered,recovered
coordinated_questions_v1,semiconductor_work,S01,coordinated,no,inputs,sample identifier,none,none,exact,exact,none,recovered,recovered,recovered
coordinated_questions_v1,semiconductor_work,S01,coordinated,no,inputs,evaluation setup guide,none,none,exact,exact,field,recovered,recovered,recovered
coordinated_questions_v1,semiconductor_work,S01,coordinated,no,outputs,test result files,field,field,exact,exact,field,carried,carried,recovered
coordinated_questions_v1,semiconductor_work,S01,coordinated,no,outputs,summary report,none,none,none,none,none,missed,missed,missed
coordinated_questions_v1,semiconductor_work,S01,coordinated,no,outputs,issue list,none,none,none,scatter,none,unsupported,missed,missed
coordinated_questions_v1,semiconductor_work,S01,coordinated,no,outputs,review notification,none,none,none,field,none,unsupported,unsupported,missed
coordinated_questions_v1,semiconductor_work,S01,coordinated,no,decisions,Are the result files complete and readable?,none,scatter,field,exact,scatter,recovered,recovered,unsupported
coordinated_questions_v1,semiconductor_work,S01,coordinated,no,decisions,Do the results contain abnormal patterns?,none,none,field,exact,field,recovered,recovered,unsupported
coordinated_questions_v1,semiconductor_work,S01,coordinated,no,exceptions,missing setup information,none,none,scatter,none,none,dropped,missed,missed
coordinated_questions_v1,semiconductor_work,S01,coordinated,no,exceptions,test execution failure,none,scatter,field,field,none,recovered,recovered,missed
coordinated_questions_v1,semiconductor_work,S01,coordinated,no,exceptions,incomplete result files,none,none,field,field,none,recovered,recovered,missed
coordinated_questions_v1,semiconductor_work,S01,coordinated,no,exceptions,unclear abnormal pattern,none,none,field,field,field,recovered,recovered,missed
coordinated_questions_v1,semiconductor_work,S01,coordinated,no,automation_targets,A4: Collect result files,none,none,field,field,none,recovered,recovered,missed
coordinated_questions_v1,semiconductor_work,S01,coordinated,no,automation_targets,A5: Check result validity,field,none,field,field,none,carried,carried,missed
coordinated_questions_v1,semiconductor_work,S01,coordinated,no,automation_targets,A6: Summarize findings in report,none,field,field,scatter,scatter,recovered,dropped,missed
coordinated_questions_v1,semiconductor_work,S02,coordinated,no,activities,Confirm measurement request and wafer identifier,none,none,field,scatter,scatter,recovered,dropped,missed
coordinated_questions_v1,semiconductor_work,S02,coordinated,no,activities,Select suitable measurement equipment,none,none,field,scatter,none,recovered,dropped,missed
coordinated_questions_v1,semiconductor_work,S02,coordinated,no,activities,Check equipment availability and reserve slot,none,none,field,none,none,dropped,dropped,missed
coordinated_questions_v1,semiconductor_work,S02,coordinated,no,activities,Prepare wafer according to equipment procedure,none,none,field,field,none,recovered,recovered,missed
coordinated_questions_v1,semiconductor_work,S02,coordinated,no,activities,Run measurement recipe,none,none,field,exact,none,recovered,recovered,unsupported
coordinated_questions_v1,semiconductor_work,S02,coordinated,no,activities,Validate measurement output,none,field,field,exact,none,recovered,recovered,unsupported
coordinated_questions_v1,semiconductor_work,S02,coordinated,no,activities,Upload result and notify requester,none,none,field,field,scatter,recovered,recovered,missed
coordinated_questions_v1,semiconductor_work,S02,coordinated,no,actors,measurement engineer,field,field,exact,exact,field,carried,carried,recovered
coordinated_questions_v1,semiconductor_work,S02,coordinated,no,actors,equipment owner,none,none,none,none,none,missed,missed,missed
coordinated_questions_v1,semiconductor_work,S02,coordinated,no,actors,requester,none,none,exact,exact,exact,recovered,recovered,recovered
coordinated_questions_v1,semiconductor_work,S02,coordinated,no,systems,measurement equipment,none,none,field,scatter,none,recovered,dropped,missed
coordinated_questions_v1,semiconductor_work,S02,coordinated,no,systems,equipment reservation system,none,none,none,scatter,none,unsupported,missed,missed
coordinated_questions_v1,semiconductor_work,S02,coordinated,no,systems,measurement result repository,field,field,exact,exact,field,carried,carried,recovered
coordinated_questions_v1,semiconductor_work,S02,coordinated,no,inputs,measurement request,none,none,exact,exact,exact,recovered,recovered,recovered
coordinated_questions_v1,semiconductor_work,S02,coordinated,no,inputs,wafer identifier,none,none,exact,exact,none,recovered,recovered,recovered
coordinated_questions_v1,semiconductor_work,S02,coordinated,no,inputs,measurement recipe,none,none,exact,exact,none,recovered,recovered,recovered
coordinated_questions_v1,semiconductor_work,S02,coordinated,no,inputs,equipment availability,none,none,exact,exact,none,recovered,recovered,recovered
coordinated_questions_v1,semiconductor_work,S02,coordinated,no,outputs,measurement result,field,exact,exact,exact,exact,carried,carried,recovered
coordinated_questions_v1,semiconductor_work,S02,coordinated,no,outputs,equipment usage record,none,none,none,scatter,none,unsupported,missed,missed
coordinated_questions_v1,semiconductor_work,S02,coordinated,no,outputs,request completion notice,none,none,exact,exact,exact,recovered,recovered,recovered
coordinated_questions_v1,semiconductor_work,S02,coordinated,no,decisions,Which equipment is required for the requested measurement?,none,none,scatter,scatter,none,recovered,missed,missed
coordinated_questions_v1,semiconductor_work,S02,coordinated,no,decisions,Is the equipment available and qualified?,none,none,field,scatter,none,recovered,dropped,missed
coordinated_questions_v1,semiconductor_work,S02,coordinated,no,decisions,Is the measurement output valid?,none,field,field,exact,field,recovered,recovered,unsupported
coordinated_questions_v1,semiconductor_work,S02,coordinated,no,exceptions,equipment unavailable,none,none,none,none,none,missed,missed,missed
coordinated_questions_v1,semiconductor_work,S02,coordinated,no,exceptions,wafer information mismatch,none,scatter,field,field,none,recovered,recovered,missed
coordinated_questions_v1,semiconductor_work,S02,coordinated,no,exceptions,recipe not approved,none,none,field,scatter,none,recovered,dropped,missed
coordinated_questions_v1,semiconductor_work,S02,coordinated,no,exceptions,invalid measurement output,none,field,field,field,field,recovered,recovered,missed
coordinated_questions_v1,semiconductor_work,S02,coordinated,no,automation_targets,A2: Select suitable measurement equipment,none,none,field,none,none,dropped,dropped,missed
coordinated_questions_v1,semiconductor_work,S02,coordinated,no,automation_targets,A3: Check equipment availability and reserve slot,none,none,field,none,none,dropped,dropped,missed
coordinated_questions_v1,semiconductor_work,S02,coordinated,no,automation_targets,A6: Validate measurement output,none,field,field,field,none,recovered,recovered,missed
coordinated_questions_v1,semiconductor_work,S03,coordinated,no,activities,Identify required sample and evaluation purpose,none,none,field,exact,scatter,recovered,recovered,unsupported
coordinated_questions_v1,semiconductor_work,S03,coordinated,no,activities,Submit sample transfer request,none,field,field,field,field,recovered,recovered,missed
coordinated_questions_v1,semiconductor_work,S03,coordinated,no,activities,Approve transfer request,none,field,field,field,field,recovered,recovered,missed
coordinated_questions_v1,semiconductor_work,S03,coordinated,no,activities,Physically confirm sample,none,none,field,field,none,recovered,recovered,missed
coordinated_questions_v1,semiconductor_work,S03,coordinated,no,activities,Move sample to target location,none,none,scatter,scatter,none,recovered,missed,missed
coordinated_questions_v1,semiconductor_work,S03,coordinated,no,activities,Update sample status after evaluation,field,field,field,field,none,carried,carried,missed
coordinated_questions_v1,semiconductor_work,S03,coordinated,no,activities,Submit disposal request for completed sample,none,field,field,scatter,scatter,recovered,dropped,missed
coordinated_questions_v1,semiconductor_work,S03,coordinated,no,activities,Approve and record disposal,none,field,field,exact,scatter,recovered,recovered,unsupported
coordinated_questions_v1,semiconductor_work,S03,coordinated,no,actors,sample requester,none,none,exact,exact,none,recovered,recovered,recovered
coordinated_questions_v1,semiconductor_work,S03,coordinated,no,actors,sample manager,none,none,exact,exact,none,recovered,recovered,recovered
coordinated_questions_v1,semiconductor_work,S03,coordinated,no,actors,verification engineer,none,none,exact,exact,none,recovered,recovered,recovered
coordinated_questions_v1,semiconductor_work,S03,coordinated,no,actors,approver,none,none,exact,exact,exact,recovered,recovered,recovered
coordinated_questions_v1,semiconductor_work,S03,coordinated,no,systems,sample tracking sheet,none,scatter,exact,exact,exact,recovered,recovered,recovered
coordinated_questions_v1,semiconductor_work,S03,coordinated,no,systems,transfer request form,none,field,exact,exact,exact,recovered,recovered,recovered
coordinated_questions_v1,semiconductor_work,S03,coordinated,no,systems,approval system,none,scatter,exact,exact,exact,recovered,recovered,recovered
coordinated_questions_v1,semiconductor_work,S03,coordinated,no,systems,storage location registry,none,none,exact,exact,exact,recovered,recovered,recovered
coordinated_questions_v1,semiconductor_work,S03,coordinated,no,inputs,sample identifier,none,none,exact,exact,exact,recovered,recovered,recovered
coordinated_questions_v1,semiconductor_work,S03,coordinated,no,inputs,evaluation purpose,none,none,exact,exact,none,recovered,recovered,recovered
coordinated_questions_v1,semiconductor_work,S03,coordinated,no,inputs,target location,none,none,none,scatter,none,unsupported,missed,missed
coordinated_questions_v1,semiconductor_work,S03,coordinated,no,inputs,disposal reason,none,scatter,exact,exact,none,recovered,recovered,recovered
coordinated_questions_v1,semiconductor_work,S03,coordinated,no,outputs,transfer approval,none,scatter,field,scatter,field,recovered,dropped,missed
coordinated_questions_v1,semiconductor_work,S03,coordinated,no,outputs,updated sample status,none,none,field,exact,none,recovered,recovered,unsupported
coordinated_questions_v1,semiconductor_work,S03,coordinated,no,outputs,disposal record,none,field,field,exact,field,recovered,recovered,unsupported
coordinated_questions_v1,semiconductor_work,S03,coordinated,no,outputs,physical confirmation note,none,none,none,field,none,unsupported,unsupported,missed
coordinated_questions_v1,semiconductor_work,S03,coordinated,no,decisions,Is the sample available and correctly identified?,none,none,field,exact,field,recovered,recovered,unsupported
coordinated_questions_v1,semiconductor_work,S03,coordinated,no,decisions,Is disposal allowed after evaluation?,none,field,field,exact,none,recovered,recovered,unsupported
coordinated_questions_v1,semiconductor_work,S03,coordinated,no,exceptions,sample identifier mismatch,none,none,exact,field,exact,recovered,recovered,dropped
coordinated_questions_v1,semiconductor_work,S03,coordinated,no,exceptions,missing physical sample,none,field,exact,exact,exact,recovered,recovered,recovered
coordinated_questions_v1,semiconductor_work,S03,coordinated,no,exceptions,approval delay,none,none,exact,exact,exact,recovered,recovered,recovered
coordinated_questions_v1,semiconductor_work,S03,coordinated,no,exceptions,retention requirement,none,none,exact,exact,exact,recovered,recovered,recovered
coordinated_questions_v1,semiconductor_work,S03,coordinated,no,automation_targets,A2: Submit sample transfer request,none,field,field,field,field,recovered,recovered,missed
coordinated_questions_v1,semiconductor_work,S03,coordinated,no,automation_targets,A6: Update sample status after evaluation,field,field,field,field,none,carried,carried,missed
coordinated_questions_v1,semiconductor_work,S03,coordinated,no,automation_targets,A7: Submit disposal request for completed sample,none,field,field,scatter,scatter,recovered,dropped,missed
coordinated_questions_v1,semiconductor_work,S04,coordinated,no,activities,Register defect issue with initial evidence,none,none,field,field,none,recovered,recovered,missed
coordinated_questions_v1,semiconductor_work,S04,coordinated,no,activities,Classify issue severity and affected scope,none,scatter,field,exact,none,recovered,recovered,unsupported
coordinated_questions_v1,semiconductor_work,S04,coordinated,no,activities,Notify related teams and assign owners,none,none,none,none,none,missed,missed,missed
coordinated_questions_v1,semiconductor_work,S04,coordinated,no,activities,Define root-cause hypotheses,none,none,field,field,field,recovered,recovered,missed
coordinated_questions_v1,semiconductor_work,S04,coordinated,no,activities,Plan and run follow-up experiment,none,none,field,exact,field,recovered,recovered,unsupported
coordinated_questions_v1,semiconductor_work,S04,coordinated,no,activities,Review experiment result and select improvement action,none,scatter,field,scatter,none,recovered,dropped,missed
coordinated_questions_v1,semiconductor_work,S04,coordinated,no,activities,Assess customer risk,none,scatter,field,field,field,recovered,recovered,missed
coordinated_questions_v1,semiconductor_work,S04,coordinated,no,activities,Share final report and action items,none,scatter,field,field,none,recovered,recovered,missed
coordinated_questions_v1,semiconductor_work,S04,coordinated,no,actors,issue owner,none,none,exact,exact,none,recovered,recovered,recovered
coordinated_questions_v1,semiconductor_work,S04,coordinated,no,actors,process engineer,none,scatter,exact,exact,scatter,recovered,recovered,recovered
coordinated_questions_v1,semiconductor_work,S04,coordinated,no,actors,quality engineer,none,none,exact,exact,exact,recovered,recovered,recovered
coordinated_questions_v1,semiconductor_work,S04,coordinated,no,actors,customer interface owner,none,none,exact,exact,none,recovered,recovered,recovered
coordinated_questions_v1,semiconductor_work,S04,coordinated,no,actors,manager,none,none,exact,exact,none,recovered,recovered,recovered
coordinated_questions_v1,semiconductor_work,S04,coordinated,no,systems,issue tracking system,none,scatter,exact,exact,none,recovered,recovered,recovered
coordinated_questions_v1,semiconductor_work,S04,coordinated,no,systems,experiment log,none,scatter,exact,exact,none,recovered,recovered,recovered
coordinated_questions_v1,semiconductor_work,S04,coordinated,no,systems,risk report template,field,scatter,exact,exact,field,carried,carried,recovered
coordinated_questions_v1,semiconductor_work,S04,coordinated,no,systems,collaboration tool,none,none,exact,exact,none,recovered,recovered,recovered
coordinated_questions_v1,semiconductor_work,S04,coordinated,no,inputs,defect description,none,scatter,exact,exact,scatter,recovered,recovered,recovered
coordinated_questions_v1,semiconductor_work,S04,coordinated,no,inputs,sample or lot context,none,none,exact,exact,none,recovered,recovered,recovered
coordinated_questions_v1,semiconductor_work,S04,coordinated,no,inputs,initial evidence,none,none,exact,exact,none,recovered,recovered,recovered
coordinated_questions_v1,semiconductor_work,S04,coordinated,no,inputs,customer impact assumption,none,none,exact,exact,field,recovered,recovered,recovered
coordinated_questions_v1,semiconductor_work,S04,coordinated,no,outputs,issue report,field,none,field,field,none,carried,carried,missed
coordinated_questions_v1,semiconductor_work,S04,coordinated,no,outputs,root-cause hypothesis,none,none,exact,exact,exact,recovered,recovered,recovered
coordinated_questions_v1,semiconductor_work,S04,coordinated,no,outputs,experiment plan,none,none,field,exact,exact,recovered,recovered,unsupported
coordinated_questions_v1,semiconductor_work,S04,coordinated,no,outputs,improvement action,none,exact,exact,exact,none,recovered,recovered,recovered
coordinated_questions_v1,semiconductor_work,S04,coordinated,no,outputs,customer risk summary,none,none,field,field,field,recovered,recovered,missed
coordinated_questions_v1,semiconductor_work,S04,coordinated,no,decisions,Is the issue customer-impacting?,none,none,field,field,field,recovered,recovered,missed
coordinated_questions_v1,semiconductor_work,S04,coordinated,no,decisions,Does the experiment support the root-cause hypothesis?,none,none,field,field,field,recovered,recovered,missed
coordinated_questions_v1,semiconductor_work,S04,coordinated,no,exceptions,insufficient evidence,none,none,none,none,none,missed,missed,missed
coordinated_questions_v1,semiconductor_work,S04,coordinated,no,exceptions,unclear owner,none,none,none,none,none,missed,missed,missed
coordinated_questions_v1,semiconductor_work,S04,coordinated,no,exceptions,experiment delay,none,none,none,none,none,missed,missed,missed
coordinated_questions_v1,semiconductor_work,S04,coordinated,no,exceptions,conflicting root-cause hypotheses,none,none,field,field,none,recovered,recovered,missed
coordinated_questions_v1,semiconductor_work,S04,coordinated,no,automation_targets,A1: Register defect issue with initial evidence,none,none,field,field,none,recovered,recovered,missed
coordinated_questions_v1,semiconductor_work,S04,coordinated,no,automation_targets,A3: Notify related teams and assign owners,none,none,none,none,none,missed,missed,missed
coordinated_questions_v1,semiconductor_work,S04,coordinated,no,automation_targets,A8: Share final report and action items,none,scatter,field,field,none,recovered,recovered,missed
coordinated_questions_v1,semiconductor_work,S05,coordinated,no,activities,Collect document and related change list,none,scatter,field,field,scatter,recovered,recovered,missed
coordinated_questions_v1,semiconductor_work,S05,coordinated,no,activities,Compare feature changes with document content,none,none,field,field,none,recovered,recovered,missed
coordinated_questions_v1,semiconductor_work,S05,coordinated,no,activities,Check terminology and formatting consistency,none,none,field,exact,none,recovered,recovered,unsupported
coordinated_questions_v1,semiconductor_work,S05,coordinated,no,activities,Record comments and requested revisions,none,none,exact,exact,scatter,recovered,recovered,recovered
coordinated_questions_v1,semiconductor_work,S05,coordinated,no,activities,Revise document based on comments,none,none,field,scatter,none,recovered,dropped,missed
coordinated_questions_v1,semiconductor_work,S05,coordinated,no,activities,Confirm revisions with feature owner,none,none,field,field,none,recovered,recovered,missed
coordinated_questions_v1,semiconductor_work,S05,coordinated,no,activities,Approve final document,none,field,field,scatter,scatter,recovered,dropped,missed
coordinated_questions_v1,semiconductor_work,S05,coordinated,no,actors,document reviewer,none,field,exact,exact,exact,recovered,recovered,recovered
coordinated_questions_v1,semiconductor_work,S05,coordinated,no,actors,feature owner,none,none,exact,exact,none,recovered,recovered,recovered
coordinated_questions_v1,semiconductor_work,S05,coordinated,no,actors,document author,none,exact,exact,exact,exact,recovered,recovered,recovered
coordinated_questions_v1,semiconductor_work,S05,coordinated,no,actors,approver,none,exact,exact,exact,none,recovered,recovered,recovered
coordinated_questions_v1,semiconductor_work,S05,coordinated,no,systems,document repository,none,none,exact,exact,exact,recovered,recovered,recovered
coordinated_questions_v1,semiconductor_work,S05,coordinated,no,systems,change request tracker,none,field,field,field,field,recovered,recovered,missed
coordinated_questions_v1,semiconductor_work,S05,coordinated,no,systems,review checklist,none,field,exact,exact,exact,recovered,recovered,recovered
coordinated_questions_v1,semiconductor_work,S05,coordinated,no,systems,commenting tool,none,none,exact,exact,exact,recovered,recovered,recovered
coordinated_questions_v1,semiconductor_work,S05,coordinated,no,inputs,specification document,exact,none,exact,exact,none,carried,carried,carried
coordinated_questions_v1,semiconductor_work,S05,coordinated,no,inputs,feature change list,none,field,exact,exact,scatter,recovered,recovered,recovered
coordinated_questions_v1,semiconductor_work,S05,coordinated,no,inputs,previous document version,none,field,exact,field,field,recovered,recovered,dropped
coordinated_questions_v1,semiconductor_work,S05,coordinated,no,inputs,review checklist,none,field,exact,exact,exact,recovered,recovered,recovered
coordinated_questions_v1,semiconductor_work,S05,coordinated,no,outputs,review comments,none,none,exact,exact,scatter,recovered,recovered,recovered
coordinated_questions_v1,semiconductor_work,S05,coordinated,no,outputs,change request list,none,field,exact,exact,field,recovered,recovered,recovered
coordinated_questions_v1,semiconductor_work,S05,coordinated,no,outputs,approval decision,none,none,exact,exact,none,recovered,recovered,recovered
coordinated_questions_v1,semiconductor_work,S05,coordinated,no,outputs,updated document,none,none,none,none,none,missed,missed,missed
coordinated_questions_v1,semiconductor_work,S05,coordinated,no,decisions,Are all feature changes reflected?,field,scatter,field,field,none,carried,carried,missed
coordinated_questions_v1,semiconductor_work,S05,coordinated,no,decisions,Are the revisions acceptable?,none,none,field,exact,scatter,recovered,recovered,unsupported
coordinated_questions_v1,semiconductor_work,S05,coordinated,no,exceptions,missing change list,none,scatter,field,field,scatter,recovered,recovered,missed
coordinated_questions_v1,semiconductor_work,S05,coordinated,no,exceptions,conflicting terminology,none,none,none,none,none,missed,missed,missed
coordinated_questions_v1,semiconductor_work,S05,coordinated,no,exceptions,unclear feature owner,none,none,field,field,none,recovered,recovered,missed
coordinated_questions_v1,semiconductor_work,S05,coordinated,no,exceptions,unresolved comments,none,none,exact,exact,exact,recovered,recovered,recovered
coordinated_questions_v1,semiconductor_work,S05,coordinated,no,automation_targets,A2: Compare feature changes with document content,none,none,field,field,none,recovered,recovered,missed
coordinated_questions_v1,semiconductor_work,S05,coordinated,no,automation_targets,A3: Check terminology and formatting consistency,none,none,field,exact,none,recovered,recovered,unsupported
coordinated_questions_v1,semiconductor_work,S05,coordinated,no,automation_targets,A4: Record comments and requested revisions,none,none,field,exact,scatter,recovered,recovered,unsupported
coordinated_questions_v1,semiconductor_work,S06,coordinated,no,activities,Prepare agenda and issue summary,none,scatter,field,exact,scatter,recovered,recovered,unsupported
coordinated_questions_v1,semiconductor_work,S06,coordinated,no,activities,Schedule meeting with vendor,field,field,field,field,none,carried,carried,missed
coordinated_questions_v1,semiconductor_work,S06,coordinated,no,activities,Discuss improvement options,field,none,field,field,none,carried,carried,missed
coordinated_questions_v1,semiconductor_work,S06,coordinated,no,activities,Record decisions and open questions,none,scatter,none,scatter,none,unsupported,missed,missed
coordinated_questions_v1,semiconductor_work,S06,coordinated,no,activities,Assign action-item owners and due dates,none,field,exact,exact,none,recovered,recovered,recovered
coordinated_questions_v1,semiconductor_work,S06,coordinated,no,activities,Share meeting summary,none,field,field,field,field,recovered,recovered,missed
coordinated_questions_v1,semiconductor_work,S06,coordinated,no,activities,Track action-item progress,none,none,field,exact,none,recovered,recovered,unsupported
coordinated_questions_v1,semiconductor_work,S06,coordinated,no,actors,equipment engineer,none,none,exact,exact,exact,recovered,recovered,recovered
coordinated_questions_v1,semiconductor_work,S06,coordinated,no,actors,vendor representative,none,none,exact,exact,none,recovered,recovered,recovered
coordinated_questions_v1,semiconductor_work,S06,coordinated,no,actors,meeting organizer,none,none,exact,exact,exact,recovered,recovered,recovered
coordinated_questions_v1,semiconductor_work,S06,coordinated,no,actors,action-item owner,field,field,exact,exact,field,carried,carried,recovered
coordinated_questions_v1,semiconductor_work,S06,coordinated,no,actors,manager,none,none,exact,exact,exact,recovered,recovered,recovered
coordinated_questions_v1,semiconductor_work,S06,coordinated,no,systems,calendar system,none,none,none,exact,field,unsupported,unsupported,unsupported
coordinated_questions_v1,semiconductor_work,S06,coordinated,no,systems,meeting notes,none,scatter,none,none,none,missed,missed,missed
coordinated_questions_v1,semiconductor_work,S06,coordinated,no,systems,action-item tracker,field,field,exact,exact,field,carried,carried,recovered
coordinated_questions_v1,semiconductor_work,S06,coordinated,no,systems,shared document repository,none,none,exact,exact,none,recovered,recovered,recovered
coordinated_questions_v1,semiconductor_work,S06,coordinated,no,inputs,improvement request,none,none,exact,exact,exact,recovered,recovered,recovered
coordinated_questions_v1,semiconductor_work,S06,coordinated,no,inputs,equipment issue summary,none,scatter,exact,exact,exact,recovered,recovered,recovered
coordinated_questions_v1,semiconductor_work,S06,coordinated,no,inputs,meeting agenda,none,none,field,exact,none,recovered,recovered,unsupported
coordinated_questions_v1,semiconductor_work,S06,coordinated,no,inputs,vendor proposal,none,none,none,none,none,missed,missed,missed
coordinated_questions_v1,semiconductor_work,S06,coordinated,no,outputs,meeting minutes,none,none,exact,exact,exact,recovered,recovered,recovered
coordinated_questions_v1,semiconductor_work,S06,coordinated,no,outputs,action-item list,field,field,field,field,field,carried,carried,missed
coordinated_questions_v1,semiconductor_work,S06,coordinated,no,outputs,owner and due date assignments,none,field,field,field,none,recovered,recovered,missed
coordinated_questions_v1,semiconductor_work,S06,coordinated,no,outputs,updated improvement proposal,none,none,none,scatter,none,unsupported,missed,missed
coordinated_questions_v1,semiconductor_work,S06,coordinated,no,decisions,Is the proposed improvement technically feasible?,none,none,none,scatter,none,unsupported,missed,missed
coordinated_questions_v1,semiconductor_work,S06,coordinated,no,decisions,Are action items clearly owned?,none,field,field,field,field,recovered,recovered,missed
coordinated_questions_v1,semiconductor_work,S06,coordinated,no,exceptions,agenda not prepared,none,none,scatter,scatter,none,recovered,missed,missed
coordinated_questions_v1,semiconductor_work,S06,coordinated,no,exceptions,vendor proposal incomplete,none,none,none,none,none,missed,missed,missed
coordinated_questions_v1,semiconductor_work,S06,coordinated,no,exceptions,unclear owner,none,none,none,none,none,missed,missed,missed
coordinated_questions_v1,semiconductor_work,S06,coordinated,no,exceptions,missed follow-up deadline,none,field,exact,exact,field,recovered,recovered,recovered
coordinated_questions_v1,semiconductor_work,S06,coordinated,no,automation_targets,A2: Schedule meeting with vendor,field,field,field,field,none,carried,carried,missed
coordinated_questions_v1,semiconductor_work,S06,coordinated,no,automation_targets,A4: Record decisions and open questions,none,scatter,none,none,none,missed,missed,missed
coordinated_questions_v1,semiconductor_work,S06,coordinated,no,automation_targets,A7: Track action-item progress,none,none,field,field,none,recovered,recovered,missed
coordinated_questions_v1,semiconductor_work,S07,coordinated,no,activities,Collect meeting notes or transcript,none,field,field,exact,field,recovered,recovered,unsupported
coordinated_questions_v1,semiconductor_work,S07,coordinated,no,activities,Extract decisions and action items,none,field,field,field,none,recovered,recovered,missed
coordinated_questions_v1,semiconductor_work,S07,coordinated,no,activities,Confirm unclear items with decision owners,none,field,exact,exact,none,recovered,recovered,recovered
coordinated_questions_v1,semiconductor_work,S07,coordinated,no,activities,Draft summary email,none,field,field,field,field,recovered,recovered,missed
coordinated_questions_v1,semiconductor_work,S07,coordinated,no,activities,Attach or link supporting materials,none,none,none,none,none,missed,missed,missed
coordinated_questions_v1,semiconductor_work,S07,coordinated,no,activities,Send email to relevant recipients,none,none,field,field,scatter,recovered,recovered,missed
coordinated_questions_v1,semiconductor_work,S07,coordinated,no,activities,Update task tracker if needed,none,none,none,none,none,missed,missed,missed
coordinated_questions_v1,semiconductor_work,S07,coordinated,no,actors,meeting participant,none,none,scatter,scatter,none,recovered,missed,missed
coordinated_questions_v1,semiconductor_work,S07,coordinated,no,actors,minute taker,none,none,exact,exact,exact,recovered,recovered,recovered
coordinated_questions_v1,semiconductor_work,S07,coordinated,no,actors,decision owner,none,field,exact,exact,exact,recovered,recovered,recovered
coordinated_questions_v1,semiconductor_work,S07,coordinated,no,actors,recipient,none,exact,exact,exact,exact,recovered,recovered,recovered
coordinated_questions_v1,semiconductor_work,S07,coordinated,no,systems,calendar system,none,exact,exact,exact,exact,recovered,recovered,recovered
coordinated_questions_v1,semiconductor_work,S07,coordinated,no,systems,meeting transcript or notes,none,field,exact,field,field,recovered,recovered,dropped
coordinated_questions_v1,semiconductor_work,S07,coordinated,no,systems,email client,none,none,none,none,none,missed,missed,missed
coordinated_questions_v1,semiconductor_work,S07,coordinated,no,systems,task tracker,none,none,none,none,none,missed,missed,missed
coordinated_questions_v1,semiconductor_work,S07,coordinated,no,inputs,meeting agenda,none,none,none,none,none,missed,missed,missed
coordinated_questions_v1,semiconductor_work,S07,coordinated,no,inputs,meeting notes or transcript,none,field,field,exact,field,recovered,recovered,unsupported
coordinated_questions_v1,semiconductor_work,S07,coordinated,no,inputs,participant list,none,none,exact,exact,none,recovered,recovered,recovered
coordinated_questions_v1,semiconductor_work,S07,coordinated,no,inputs,action-item list,none,field,field,field,scatter,recovered,recovered,missed
coordinated_questions_v1,semiconductor_work,S07,coordinated,no,outputs,meeting summary email,field,field,field,field,field,carried,carried,missed
coordinated_questions_v1,semiconductor_work,S07,coordinated,no,outputs,decision list,none,scatter,exact,field,scatter,recovered,recovered,dropped
coordinated_questions_v1,semiconductor_work,S07,coordinated,no,outputs,action-item assignments,none,field,exact,field,none,recovered,recovered,dropped
coordinated_questions_v1,semiconductor_work,S07,coordinated,no,outputs,task tracker updates,none,none,none,none,none,missed,missed,missed
coordinated_questions_v1,semiconductor_work,S07,coordinated,no,decisions,Are all action items assigned to owners?,none,scatter,field,scatter,scatter,recovered,dropped,missed
coordinated_questions_v1,semiconductor_work,S07,coordinated,no,decisions,Does the meeting require task tracking?,none,scatter,none,none,none,missed,missed,missed
coordinated_questions_v1,semiconductor_work,S07,coordinated,no,exceptions,missing transcript,none,none,none,scatter,none,unsupported,missed,missed
coordinated_questions_v1,semiconductor_work,S07,coordinated,no,exceptions,unclear decision owner,none,field,field,field,field,recovered,recovered,missed
coordinated_questions_v1,semiconductor_work,S07,coordinated,no,exceptions,recipient list incomplete,none,field,field,field,field,recovered,recovered,missed
coordinated_questions_v1,semiconductor_work,S07,coordinated,no,exceptions,confidential content included,none,none,none,none,none,missed,missed,missed
coordinated_questions_v1,semiconductor_work,S07,coordinated,no,automation_targets,A2: Extract decisions and action items,none,field,field,field,none,recovered,recovered,missed
coordinated_questions_v1,semiconductor_work,S07,coordinated,no,automation_targets,A4: Draft summary email,none,field,field,field,field,recovered,recovered,missed
coordinated_questions_v1,semiconductor_work,S07,coordinated,no,automation_targets,A7: Update task tracker if needed,none,none,none,none,none,missed,missed,missed
coordinated_questions_v1,semiconductor_work,S08,coordinated,no,activities,Collect meeting time and participant count,none,scatter,field,field,field,recovered,recovered,missed
coordinated_questions_v1,semiconductor_work,S08,coordinated,no,activities,Check room availability,field,exact,field,exact,field,carried,carried,unsupported
coordinated_questions_v1,semiconductor_work,S08,coordinated,no,activities,Select room matching capacity and equipment needs,none,none,field,field,field,recovered,recovered,missed
coordinated_questions_v1,semiconductor_work,S08,coordinated,no,activities,Reserve selected room,field,none,field,field,none,carried,carried,missed
coordinated_questions_v1,semiconductor_work,S08,coordinated,no,activities,Create or update calendar invitation,none,none,field,exact,scatter,recovered,recovered,unsupported
coordinated_questions_v1,semiconductor_work,S08,coordinated,no,activities,Notify participants of room information,field,field,field,exact,none,carried,carried,unsupported
coordinated_questions_v1,semiconductor_work,S08,coordinated,no,actors,meeting organizer,field,field,field,scatter,field,carried,lost,missed
coordinated_questions_v1,semiconductor_work,S08,coordinated,no,actors,meeting participants,field,scatter,field,scatter,scatter,carried,lost,missed
coordinated_questions_v1,semiconductor_work,S08,coordinated,no,actors,facility system,none,scatter,scatter,none,none,dropped,missed,missed
coordinated_questions_v1,semiconductor_work,S08,coordinated,no,systems,calendar system,none,field,exact,exact,exact,recovered,recovered,recovered
coordinated_questions_v1,semiconductor_work,S08,coordinated,no,systems,room reservation system,none,field,exact,exact,exact,recovered,recovered,recovered
coordinated_questions_v1,semiconductor_work,S08,coordinated,no,systems,email or collaboration tool,none,scatter,exact,exact,field,recovered,recovered,recovered
coordinated_questions_v1,semiconductor_work,S08,coordinated,no,inputs,meeting date and time,none,field,exact,exact,scatter,recovered,recovered,recovered
coordinated_questions_v1,semiconductor_work,S08,coordinated,no,inputs,participant count,none,none,exact,exact,none,recovered,recovered,recovered
coordinated_questions_v1,semiconductor_work,S08,coordinated,no,inputs,location preference,none,none,exact,exact,none,recovered,recovered,recovered
coordinated_questions_v1,semiconductor_work,S08,coordinated,no,inputs,equipment needs,none,none,exact,exact,none,recovered,recovered,recovered
coordinated_questions_v1,semiconductor_work,S08,coordinated,no,outputs,room reservation,none,field,exact,exact,exact,recovered,recovered,recovered
coordinated_questions_v1,semiconductor_work,S08,coordinated,no,outputs,calendar invitation,none,exact,exact,exact,exact,recovered,recovered,recovered
coordinated_questions_v1,semiconductor_work,S08,coordinated,no,outputs,participant notification,none,exact,field,exact,exact,recovered,recovered,unsupported
coordinated_questions_v1,semiconductor_work,S08,coordinated,no,decisions,Is a suitable room available?,none,field,field,exact,field,recovered,recovered,unsupported
coordinated_questions_v1,semiconductor_work,S08,coordinated,no,decisions,Does the meeting require special equipment?,none,scatter,field,scatter,none,recovered,dropped,missed
coordinated_questions_v1,semiconductor_work,S08,coordinated,no,exceptions,room unavailable,none,field,none,none,none,missed,missed,missed
coordinated_questions_v1,semiconductor_work,S08,coordinated,no,exceptions,participant count changes,none,none,field,field,none,recovered,recovered,missed
coordinated_questions_v1,semiconductor_work,S08,coordinated,no,exceptions,reservation conflict,none,none,none,scatter,none,unsupported,missed,missed
coordinated_questions_v1,semiconductor_work,S08,coordinated,no,exceptions,equipment unavailable,none,scatter,none,none,none,missed,missed,missed
coordinated_questions_v1,semiconductor_work,S08,coordinated,no,automation_targets,A2: Check room availability,field,field,field,exact,field,carried,carried,unsupported
coordinated_questions_v1,semiconductor_work,S08,coordinated,no,automation_targets,A3: Select room matching capacity and equipment needs,none,none,field,field,field,recovered,recovered,missed
coordinated_questions_v1,semiconductor_work,S08,coordinated,no,automation_targets,A5: Create or update calendar invitation,none,none,field,exact,scatter,recovered,recovered,unsupported
domain_taxonomy_v1,childcare,C01,generic,no,activities,Check the arrival window and provider notice,none,none,exact,field,none,recovered,recovered,dropped
domain_taxonomy_v1,childcare,C01,generic,no,activities,Confirm the escort with the partner,none,none,exact,field,exact,recovered,recovered,dropped
domain_taxonomy_v1,childcare,C01,generic,no,activities,Review the daily item list,none,none,exact,field,field,recovered,recovered,dropped
domain_taxonomy_v1,childcare,C01,generic,no,activities,Pack and check the bag,field,field,exact,field,none,carried,carried,dropped
domain_taxonomy_v1,childcare,C01,generic,no,activities,Resolve missing items before departure,none,none,field,field,none,recovered,recovered,missed
domain_taxonomy_v1,childcare,C01,generic,no,activities,Escort the child to childcare,field,field,exact,field,scatter,carried,carried,dropped
domain_taxonomy_v1,childcare,C01,generic,no,activities,Send an arrival delay notice when needed,none,none,scatter,scatter,none,recovered,missed,missed
domain_taxonomy_v1,childcare,C01,generic,no,activities,Confirm handover with the childcare teacher,none,none,field,field,scatter,recovered,recovered,missed
domain_taxonomy_v1,childcare,C01,generic,no,actors,mother,none,none,exact,none,none,dropped,dropped,dropped
domain_taxonomy_v1,childcare,C01,generic,no,actors,partner,none,none,exact,exact,exact,recovered,recovered,recovered
domain_taxonomy_v1,childcare,C01,generic,no,actors,childcare teacher,none,none,exact,exact,none,recovered,recovered,recovered
domain_taxonomy_v1,childcare,C01,generic,no,actors,backup caregiver,none,none,exact,exact,exact,recovered,recovered,recovered
domain_taxonomy_v1,childcare,C01,generic,no,systems,shared family calendar,none,none,none,none,none,missed,missed,missed
domain_taxonomy_v1,childcare,C01,generic,no,systems,packing checklist,none,none,none,field,none,unsupported,unsupported,missed
domain_taxonomy_v1,childcare,C01,generic,no,systems,childcare messaging app,none,scatter,exact,exact,field,recovered,recovered,recovered
domain_taxonomy_v1,childcare,C01,generic,no,systems,attendance register,none,none,none,none,none,missed,missed,missed
domain_taxonomy_v1,childcare,C01,generic,no,inputs,arrival window,none,none,exact,exact,exact,recovered,recovered,recovered
domain_taxonomy_v1,childcare,C01,generic,no,inputs,daily item list,none,none,exact,exact,exact,recovered,recovered,recovered
domain_taxonomy_v1,childcare,C01,generic,no,inputs,caregiver availability,none,none,scatter,scatter,scatter,recovered,missed,missed
domain_taxonomy_v1,childcare,C01,generic,no,inputs,provider notice,none,none,exact,exact,none,recovered,recovered,recovered
domain_taxonomy_v1,childcare,C01,generic,no,outputs,checked bag,none,none,scatter,none,none,dropped,missed,missed
domain_taxonomy_v1,childcare,C01,generic,no,outputs,assigned escort,none,none,exact,exact,none,recovered,recovered,recovered
domain_taxonomy_v1,childcare,C01,generic,no,outputs,arrival notice,none,none,field,field,none,recovered,recovered,missed
domain_taxonomy_v1,childcare,C01,generic,no,outputs,handover confirmation,none,none,field,field,none,recovered,recovered,missed
domain_taxonomy_v1,childcare,C01,generic,no,decisions,Are all required items packed?,none,scatter,scatter,scatter,scatter,recovered,missed,missed
domain_taxonomy_v1,childcare,C01,generic,no,decisions,Can the assigned escort meet the arrival window?,none,none,exact,exact,field,recovered,recovered,recovered
domain_taxonomy_v1,childcare,C01,generic,no,exceptions,missing required item,none,none,field,field,field,recovered,recovered,missed
domain_taxonomy_v1,childcare,C01,generic,no,exceptions,escort unavailable,none,none,none,field,field,unsupported,unsupported,missed
domain_taxonomy_v1,childcare,C01,generic,no,exceptions,arrival delay,none,none,field,field,scatter,recovered,recovered,missed
domain_taxonomy_v1,childcare,C01,generic,no,exceptions,unacknowledged handover,none,none,exact,exact,exact,recovered,recovered,recovered
domain_taxonomy_v1,childcare,C01,generic,no,automation_targets,A1: Check the arrival window and provider notice,none,none,field,field,none,recovered,recovered,missed
domain_taxonomy_v1,childcare,C01,generic,no,automation_targets,A4: Pack and check the bag,field,field,field,field,none,carried,carried,missed
domain_taxonomy_v1,childcare,C01,generic,no,automation_targets,A7: Send an arrival delay notice when needed,none,none,scatter,scatter,none,recovered,missed,missed
domain_taxonomy_v1,childcare,C02,generic,no,activities,Review the pickup window,none,none,field,field,field,recovered,recovered,missed
domain_taxonomy_v1,childcare,C02,generic,no,activities,Ask the planned collector to confirm availability,none,none,field,field,none,recovered,recovered,missed
domain_taxonomy_v1,childcare,C02,generic,no,activities,Check the collector against authorized pickup names,none,none,field,field,scatter,recovered,recovered,missed
domain_taxonomy_v1,childcare,C02,generic,no,activities,Request a collector change from the teacher if needed,none,none,field,field,none,recovered,recovered,missed
domain_taxonomy_v1,childcare,C02,generic,no,activities,Wait for provider acknowledgment before the changed pickup,none,none,field,scatter,none,recovered,dropped,missed
domain_taxonomy_v1,childcare,C02,generic,no,activities,Collect the child and confirm collection,field,field,field,field,scatter,carried,carried,missed
domain_taxonomy_v1,childcare,C02,generic,no,activities,Record home arrival in the handover log,none,none,field,field,scatter,recovered,recovered,missed
domain_taxonomy_v1,childcare,C02,generic,no,activities,Follow up on a missing collection confirmation,none,none,scatter,scatter,none,recovered,missed,missed
domain_taxonomy_v1,childcare,C02,generic,no,actors,mother,none,none,exact,exact,exact,recovered,recovered,recovered
domain_taxonomy_v1,childcare,C02,generic,no,actors,partner,none,none,exact,exact,exact,recovered,recovered,recovered
domain_taxonomy_v1,childcare,C02,generic,no,actors,backup caregiver,none,none,exact,exact,exact,recovered,recovered,recovered
domain_taxonomy_v1,childcare,C02,generic,no,actors,childcare teacher,none,none,exact,exact,exact,recovered,recovered,recovered
domain_taxonomy_v1,childcare,C02,generic,no,systems,shared family calendar,none,none,exact,exact,field,recovered,recovered,recovered
domain_taxonomy_v1,childcare,C02,generic,no,systems,authorized pickup list,none,none,exact,exact,exact,recovered,recovered,recovered
domain_taxonomy_v1,childcare,C02,generic,no,systems,childcare messaging app,none,none,exact,exact,field,recovered,recovered,recovered
domain_taxonomy_v1,childcare,C02,generic,no,systems,family handover log,none,none,exact,exact,exact,recovered,recovered,recovered
domain_taxonomy_v1,childcare,C02,generic,no,inputs,pickup window,none,none,exact,exact,exact,recovered,recovered,recovered
domain_taxonomy_v1,childcare,C02,generic,no,inputs,collector availability,none,none,field,exact,none,recovered,recovered,unsupported
domain_taxonomy_v1,childcare,C02,generic,no,inputs,authorized pickup names,none,none,field,field,field,recovered,recovered,missed
domain_taxonomy_v1,childcare,C02,generic,no,inputs,change request,none,none,field,exact,none,recovered,recovered,unsupported
domain_taxonomy_v1,childcare,C02,generic,no,outputs,confirmed collector,none,none,field,exact,none,recovered,recovered,unsupported
domain_taxonomy_v1,childcare,C02,generic,no,outputs,provider acknowledgment,none,none,none,none,none,missed,missed,missed
domain_taxonomy_v1,childcare,C02,generic,no,outputs,collection confirmation,none,none,scatter,exact,none,recovered,unsupported,unsupported
domain_taxonomy_v1,childcare,C02,generic,no,outputs,home arrival note,none,scatter,field,field,none,recovered,recovered,missed
domain_taxonomy_v1,childcare,C02,generic,no,decisions,Is the proposed collector already authorized?,none,none,field,field,scatter,recovered,recovered,missed
domain_taxonomy_v1,childcare,C02,generic,no,decisions,Has collection been confirmed by the end of the pickup window?,none,scatter,field,exact,none,recovered,recovered,unsupported
domain_taxonomy_v1,childcare,C02,generic,no,exceptions,collector unavailable,none,none,none,field,none,unsupported,unsupported,missed
domain_taxonomy_v1,childcare,C02,generic,no,exceptions,collector not authorized,none,none,field,field,field,recovered,recovered,missed
domain_taxonomy_v1,childcare,C02,generic,no,exceptions,provider acknowledgment missing,none,none,none,none,none,missed,missed,missed
domain_taxonomy_v1,childcare,C02,generic,no,exceptions,collection confirmation missing,none,none,scatter,field,none,recovered,unsupported,missed
domain_taxonomy_v1,childcare,C02,generic,no,automation_targets,A1: Review the pickup window,none,none,field,field,field,recovered,recovered,missed
domain_taxonomy_v1,childcare,C02,generic,no,automation_targets,A2: Ask the planned collector to confirm availability,none,none,field,field,none,recovered,recovered,missed
domain_taxonomy_v1,childcare,C02,generic,no,automation_targets,A8: Follow up on a missing collection confirmation,none,none,scatter,scatter,none,recovered,missed,missed
domain_taxonomy_v1,childcare,C03,generic,no,activities,Collect unread notices from the provider app,none,none,scatter,scatter,none,recovered,missed,missed
domain_taxonomy_v1,childcare,C03,generic,no,activities,Identify response and preparation requirements,none,none,field,scatter,scatter,recovered,dropped,missed
domain_taxonomy_v1,childcare,C03,generic,no,activities,Check the event against the household schedule,none,none,none,scatter,none,unsupported,missed,missed
domain_taxonomy_v1,childcare,C03,generic,no,activities,Ask the administrator about unclear notice details,none,none,none,scatter,none,unsupported,missed,missed
domain_taxonomy_v1,childcare,C03,generic,no,activities,Confirm the family's participation decision,none,scatter,scatter,scatter,none,recovered,missed,missed
domain_taxonomy_v1,childcare,C03,generic,no,activities,Submit a response and save the receipt,none,none,field,scatter,field,recovered,dropped,missed
domain_taxonomy_v1,childcare,C03,generic,no,activities,Add the event and item deadline to the calendar,none,scatter,field,field,field,recovered,recovered,missed
domain_taxonomy_v1,childcare,C03,generic,no,activities,Check that the preparation reminder is assigned,none,none,field,scatter,field,recovered,dropped,missed
domain_taxonomy_v1,childcare,C03,generic,no,actors,mother,none,none,none,none,none,missed,missed,missed
domain_taxonomy_v1,childcare,C03,generic,no,actors,partner,none,none,exact,exact,exact,recovered,recovered,recovered
domain_taxonomy_v1,childcare,C03,generic,no,actors,childcare administrator,none,none,none,none,none,missed,missed,missed
domain_taxonomy_v1,childcare,C03,generic,no,actors,childcare teacher,none,none,none,none,none,missed,missed,missed
domain_taxonomy_v1,childcare,C03,generic,no,systems,childcare messaging app,none,field,exact,exact,exact,recovered,recovered,recovered
domain_taxonomy_v1,childcare,C03,generic,no,systems,notice checklist,none,none,none,none,none,missed,missed,missed
domain_taxonomy_v1,childcare,C03,generic,no,systems,shared family calendar,none,field,exact,exact,exact,recovered,recovered,recovered
domain_taxonomy_v1,childcare,C03,generic,no,systems,response archive,none,none,none,none,none,missed,missed,missed
domain_taxonomy_v1,childcare,C03,generic,no,inputs,provider notice,none,none,exact,exact,none,recovered,recovered,recovered
domain_taxonomy_v1,childcare,C03,generic,no,inputs,response deadline,none,exact,exact,exact,exact,recovered,recovered,recovered
domain_taxonomy_v1,childcare,C03,generic,no,inputs,household schedule,none,none,none,none,none,missed,missed,missed
domain_taxonomy_v1,childcare,C03,generic,no,inputs,required item details,none,none,none,field,none,unsupported,unsupported,missed
domain_taxonomy_v1,childcare,C03,generic,no,outputs,classified notice,none,none,none,none,none,missed,missed,missed
domain_taxonomy_v1,childcare,C03,generic,no,outputs,submitted response,none,none,none,exact,none,unsupported,unsupported,unsupported
domain_taxonomy_v1,childcare,C03,generic,no,outputs,calendar entry,none,none,none,exact,none,unsupported,unsupported,unsupported
domain_taxonomy_v1,childcare,C03,generic,no,outputs,preparation reminder,none,none,exact,exact,exact,recovered,recovered,recovered
domain_taxonomy_v1,childcare,C03,generic,no,decisions,Does the notice require an explicit response?,none,scatter,field,exact,field,recovered,recovered,unsupported
domain_taxonomy_v1,childcare,C03,generic,no,decisions,Are the event details complete and compatible with the schedule?,none,scatter,field,scatter,none,recovered,dropped,missed
domain_taxonomy_v1,childcare,C03,generic,no,exceptions,ambiguous notice,none,none,none,field,exact,unsupported,unsupported,missed
domain_taxonomy_v1,childcare,C03,generic,no,exceptions,schedule conflict,none,none,none,none,none,missed,missed,missed
domain_taxonomy_v1,childcare,C03,generic,no,exceptions,response receipt missing,none,none,field,field,field,recovered,recovered,missed
domain_taxonomy_v1,childcare,C03,generic,no,exceptions,preparation task unassigned,none,none,field,field,field,recovered,recovered,missed
domain_taxonomy_v1,childcare,C03,generic,no,automation_targets,A2: Identify response and preparation requirements,none,none,field,scatter,scatter,recovered,dropped,missed
domain_taxonomy_v1,childcare,C03,generic,no,automation_targets,A7: Add the event and item deadline to the calendar,none,scatter,field,field,field,recovered,recovered,missed
domain_taxonomy_v1,childcare,C03,generic,no,automation_targets,A8: Check that the preparation reminder is assigned,none,none,field,scatter,field,recovered,dropped,missed
domain_taxonomy_v1,childcare,C04,generic,no,activities,Check the outing time and venue information,none,scatter,field,field,scatter,recovered,recovered,missed
domain_taxonomy_v1,childcare,C04,generic,no,activities,Confirm who will accompany the child,none,none,field,exact,scatter,recovered,recovered,unsupported
domain_taxonomy_v1,childcare,C04,generic,no,activities,Prepare the outing checklist,none,scatter,field,field,field,recovered,recovered,missed
domain_taxonomy_v1,childcare,C04,generic,no,activities,Check reusable items against the inventory,none,none,field,field,none,recovered,recovered,missed
domain_taxonomy_v1,childcare,C04,generic,no,activities,Pack and confirm needed items,none,scatter,field,scatter,scatter,recovered,dropped,missed
domain_taxonomy_v1,childcare,C04,generic,no,activities,Resolve missing items or change the outing plan,none,scatter,field,scatter,scatter,recovered,dropped,missed
domain_taxonomy_v1,childcare,C04,generic,no,activities,Notify accompanying caregivers of plan changes,none,none,field,field,none,recovered,recovered,missed
domain_taxonomy_v1,childcare,C04,generic,no,activities,Record used items and restock the bag after returning,none,scatter,field,scatter,scatter,recovered,dropped,missed
domain_taxonomy_v1,childcare,C04,generic,no,actors,mother,none,none,exact,exact,exact,recovered,recovered,recovered
domain_taxonomy_v1,childcare,C04,generic,no,actors,partner,none,none,exact,exact,exact,recovered,recovered,recovered
domain_taxonomy_v1,childcare,C04,generic,no,actors,accompanying caregiver,none,none,exact,exact,none,recovered,recovered,recovered
domain_taxonomy_v1,childcare,C04,generic,no,actors,venue contact,none,none,exact,scatter,none,recovered,dropped,dropped
domain_taxonomy_v1,childcare,C04,generic,no,systems,shared family calendar,none,field,exact,exact,none,recovered,recovered,recovered
domain_taxonomy_v1,childcare,C04,generic,no,systems,outing checklist,none,scatter,exact,exact,exact,recovered,recovered,recovered
domain_taxonomy_v1,childcare,C04,generic,no,systems,venue information page,none,none,exact,exact,exact,recovered,recovered,recovered
domain_taxonomy_v1,childcare,C04,generic,no,systems,household inventory list,none,none,exact,exact,none,recovered,recovered,recovered
domain_taxonomy_v1,childcare,C04,generic,no,inputs,outing time,none,scatter,exact,exact,none,recovered,recovered,recovered
domain_taxonomy_v1,childcare,C04,generic,no,inputs,venue information,none,none,exact,exact,exact,recovered,recovered,recovered
domain_taxonomy_v1,childcare,C04,generic,no,inputs,attendee availability,none,none,none,none,none,missed,missed,missed
domain_taxonomy_v1,childcare,C04,generic,no,inputs,reusable item inventory,none,none,field,field,none,recovered,recovered,missed
domain_taxonomy_v1,childcare,C04,generic,no,outputs,confirmed outing plan,none,field,field,exact,scatter,recovered,recovered,unsupported
domain_taxonomy_v1,childcare,C04,generic,no,outputs,packed items list,none,field,field,field,field,recovered,recovered,missed
domain_taxonomy_v1,childcare,C04,generic,no,outputs,change notification,none,none,none,scatter,field,unsupported,missed,missed
domain_taxonomy_v1,childcare,C04,generic,no,outputs,restocked bag,none,none,field,exact,none,recovered,recovered,unsupported
domain_taxonomy_v1,childcare,C04,generic,no,decisions,Are the venue plan and accompanying caregiver confirmed?,none,none,field,field,scatter,recovered,recovered,missed
domain_taxonomy_v1,childcare,C04,generic,no,decisions,Are required items available?,none,none,field,scatter,scatter,recovered,dropped,missed
domain_taxonomy_v1,childcare,C04,generic,no,exceptions,venue plan changes,none,none,exact,exact,scatter,recovered,recovered,recovered
domain_taxonomy_v1,childcare,C04,generic,no,exceptions,accompanying caregiver unavailable,none,none,field,field,field,recovered,recovered,missed
domain_taxonomy_v1,childcare,C04,generic,no,exceptions,required item missing,none,field,field,field,field,recovered,recovered,missed
domain_taxonomy_v1,childcare,C04,generic,no,exceptions,used items not restocked,none,none,field,scatter,scatter,recovered,dropped,missed
domain_taxonomy_v1,childcare,C04,generic,no,automation_targets,A3: Prepare the outing checklist,none,scatter,field,field,field,recovered,recovered,missed
domain_taxonomy_v1,childcare,C04,generic,no,automation_targets,A7: Notify accompanying caregivers of plan changes,none,none,field,field,none,recovered,recovered,missed
domain_taxonomy_v1,childcare,C04,generic,no,automation_targets,A8: Record used items and restock the bag after returning,none,scatter,field,scatter,scatter,recovered,dropped,missed
domain_taxonomy_v1,childcare,C05,generic,no,activities,Collect adult availability for the coming week,none,none,field,field,scatter,recovered,recovered,missed
domain_taxonomy_v1,childcare,C05,generic,no,activities,List care periods outside childcare hours,none,none,none,none,none,missed,missed,missed
domain_taxonomy_v1,childcare,C05,generic,no,activities,Match each care period with an available adult,none,none,scatter,scatter,none,recovered,missed,missed
domain_taxonomy_v1,childcare,C05,generic,no,activities,Request explicit acceptance from assigned caregivers,none,none,field,field,none,recovered,recovered,missed
domain_taxonomy_v1,childcare,C05,generic,no,activities,Find a replacement for an uncovered period,none,none,field,scatter,scatter,recovered,dropped,missed
domain_taxonomy_v1,childcare,C05,generic,no,activities,Publish the agreed schedule in the shared calendar,none,none,field,field,none,recovered,recovered,missed
domain_taxonomy_v1,childcare,C05,generic,no,activities,Notify affected caregivers of any later change,none,none,none,field,none,unsupported,unsupported,missed
domain_taxonomy_v1,childcare,C05,generic,no,activities,Record acknowledgment of the revised assignment,none,none,field,field,field,recovered,recovered,missed
domain_taxonomy_v1,childcare,C05,generic,no,actors,mother,none,none,exact,exact,exact,recovered,recovered,recovered
domain_taxonomy_v1,childcare,C05,generic,no,actors,partner,none,none,exact,exact,none,recovered,recovered,recovered
domain_taxonomy_v1,childcare,C05,generic,no,actors,grandparent,none,none,exact,exact,none,recovered,recovered,recovered
domain_taxonomy_v1,childcare,C05,generic,no,actors,backup caregiver,none,none,exact,exact,exact,recovered,recovered,recovered
domain_taxonomy_v1,childcare,C05,generic,no,systems,shared family calendar,none,scatter,exact,exact,none,recovered,recovered,recovered
domain_taxonomy_v1,childcare,C05,generic,no,systems,care availability form,none,none,exact,exact,exact,recovered,recovered,recovered
domain_taxonomy_v1,childcare,C05,generic,no,systems,family messaging app,none,none,exact,exact,none,recovered,recovered,recovered
domain_taxonomy_v1,childcare,C05,generic,no,systems,care assignment table,none,none,exact,exact,field,recovered,recovered,recovered
domain_taxonomy_v1,childcare,C05,generic,no,inputs,childcare hours,none,none,none,none,none,missed,missed,missed
domain_taxonomy_v1,childcare,C05,generic,no,inputs,adult availability,none,none,exact,field,scatter,recovered,recovered,dropped
domain_taxonomy_v1,childcare,C05,generic,no,inputs,work commitments,none,none,none,none,none,missed,missed,missed
domain_taxonomy_v1,childcare,C05,generic,no,inputs,backup availability,none,none,scatter,field,scatter,recovered,unsupported,missed
domain_taxonomy_v1,childcare,C05,generic,no,outputs,weekly care plan,none,scatter,none,field,none,unsupported,unsupported,missed
domain_taxonomy_v1,childcare,C05,generic,no,outputs,accepted assignments,none,none,field,scatter,none,recovered,dropped,missed
domain_taxonomy_v1,childcare,C05,generic,no,outputs,updated calendar,none,none,field,scatter,none,recovered,dropped,missed
domain_taxonomy_v1,childcare,C05,generic,no,outputs,change acknowledgment,none,none,exact,scatter,none,recovered,dropped,dropped
domain_taxonomy_v1,childcare,C05,generic,no,decisions,Is every required care period assigned to an available adult?,none,none,scatter,scatter,none,recovered,missed,missed
domain_taxonomy_v1,childcare,C05,generic,no,decisions,Has the assigned caregiver accepted the period?,none,none,field,field,none,recovered,recovered,missed
domain_taxonomy_v1,childcare,C05,generic,no,exceptions,uncovered care period,none,none,field,exact,field,recovered,recovered,unsupported
domain_taxonomy_v1,childcare,C05,generic,no,exceptions,overlapping adult commitments,none,none,none,none,none,missed,missed,missed
domain_taxonomy_v1,childcare,C05,generic,no,exceptions,assignment not accepted,none,scatter,field,field,scatter,recovered,recovered,missed
domain_taxonomy_v1,childcare,C05,generic,no,exceptions,last-minute caregiver cancellation,none,none,none,none,none,missed,missed,missed
domain_taxonomy_v1,childcare,C05,generic,no,automation_targets,A2: List care periods outside childcare hours,none,none,none,none,none,missed,missed,missed
domain_taxonomy_v1,childcare,C05,generic,no,automation_targets,A3: Match each care period with an available adult,none,none,scatter,scatter,none,recovered,missed,missed
domain_taxonomy_v1,childcare,C05,generic,no,automation_targets,A8: Record acknowledgment of the revised assignment,none,none,field,field,field,recovered,recovered,missed
domain_taxonomy_v1,childcare,C06,generic,no,activities,Count the available household supplies,none,none,field,scatter,field,recovered,dropped,missed
domain_taxonomy_v1,childcare,C06,generic,no,activities,Compare counts with household reorder thresholds,none,none,field,field,none,recovered,recovered,missed
domain_taxonomy_v1,childcare,C06,generic,no,activities,Check proposed items against the approved product list,none,none,field,field,none,recovered,recovered,missed
domain_taxonomy_v1,childcare,C06,generic,no,activities,Review the basket against the spending limit,none,none,field,scatter,field,recovered,dropped,missed
domain_taxonomy_v1,childcare,C06,generic,no,activities,Resolve unavailable products with a parent,none,none,none,scatter,none,unsupported,missed,missed
domain_taxonomy_v1,childcare,C06,generic,no,activities,Place the confirmed order and save confirmation,none,none,field,scatter,scatter,recovered,dropped,missed
domain_taxonomy_v1,childcare,C06,generic,no,activities,Check the delivery against the order record,field,field,field,field,none,carried,carried,missed
domain_taxonomy_v1,childcare,C06,generic,no,activities,Store items and update the inventory count,none,scatter,field,field,scatter,recovered,recovered,missed
domain_taxonomy_v1,childcare,C06,generic,no,actors,mother,none,none,none,none,none,missed,missed,missed
domain_taxonomy_v1,childcare,C06,generic,no,actors,partner,none,none,none,none,none,missed,missed,missed
domain_taxonomy_v1,childcare,C06,generic,no,actors,supplier,none,exact,none,exact,none,unsupported,unsupported,unsupported
domain_taxonomy_v1,childcare,C06,generic,no,actors,receiving caregiver,none,none,exact,exact,field,recovered,recovered,recovered
domain_taxonomy_v1,childcare,C06,generic,no,systems,household inventory list,none,scatter,exact,exact,exact,recovered,recovered,recovered
domain_taxonomy_v1,childcare,C06,generic,no,systems,shopping list,none,none,exact,exact,none,recovered,recovered,recovered
domain_taxonomy_v1,childcare,C06,generic,no,systems,online shop,none,field,exact,exact,exact,recovered,recovered,recovered
domain_taxonomy_v1,childcare,C06,generic,no,systems,order record,none,none,exact,exact,none,recovered,recovered,recovered
domain_taxonomy_v1,childcare,C06,generic,no,inputs,physical stock count,none,scatter,field,exact,field,recovered,recovered,unsupported
domain_taxonomy_v1,childcare,C06,generic,no,inputs,household reorder threshold,none,none,exact,field,field,recovered,recovered,dropped
domain_taxonomy_v1,childcare,C06,generic,no,inputs,approved product list,none,none,exact,exact,scatter,recovered,recovered,recovered
domain_taxonomy_v1,childcare,C06,generic,no,inputs,spending limit,none,none,none,exact,scatter,unsupported,unsupported,unsupported
domain_taxonomy_v1,childcare,C06,generic,no,outputs,verified inventory,none,none,none,field,none,unsupported,unsupported,missed
domain_taxonomy_v1,childcare,C06,generic,no,outputs,approved shopping list,none,none,field,field,none,recovered,recovered,missed
domain_taxonomy_v1,childcare,C06,generic,no,outputs,order confirmation,none,none,exact,exact,exact,recovered,recovered,recovered
domain_taxonomy_v1,childcare,C06,generic,no,outputs,receipt and stock update,none,none,field,scatter,none,recovered,dropped,missed
domain_taxonomy_v1,childcare,C06,generic,no,decisions,Is the stock below the household reorder threshold?,none,none,field,field,field,recovered,recovered,missed
domain_taxonomy_v1,childcare,C06,generic,no,decisions,Does the basket meet product and spending constraints?,none,none,field,field,scatter,recovered,recovered,missed
domain_taxonomy_v1,childcare,C06,generic,no,exceptions,inventory count outdated,none,none,field,field,field,recovered,recovered,missed
domain_taxonomy_v1,childcare,C06,generic,no,exceptions,approved product unavailable,none,none,field,field,none,recovered,recovered,missed
domain_taxonomy_v1,childcare,C06,generic,no,exceptions,basket exceeds spending limit,none,none,none,scatter,scatter,unsupported,missed,missed
domain_taxonomy_v1,childcare,C06,generic,no,exceptions,delivery differs from order,none,none,scatter,scatter,none,recovered,missed,missed
domain_taxonomy_v1,childcare,C06,generic,no,automation_targets,A2: Compare counts with household reorder thresholds,none,none,field,scatter,none,recovered,dropped,missed
domain_taxonomy_v1,childcare,C06,generic,no,automation_targets,A4: Review the basket against the spending limit,none,none,field,scatter,field,recovered,dropped,missed
domain_taxonomy_v1,childcare,C06,generic,no,automation_targets,A8: Store items and update the inventory count,none,scatter,field,scatter,scatter,recovered,dropped,missed
domain_taxonomy_v1,childcare,C07,generic,no,activities,List the unfinished household care tasks,none,field,field,scatter,scatter,recovered,dropped,missed
domain_taxonomy_v1,childcare,C07,generic,no,activities,Review the next-day schedule,field,field,field,field,field,carried,carried,missed
domain_taxonomy_v1,childcare,C07,generic,no,activities,Share relevant caregiver notes with the incoming caregiver,none,field,field,field,scatter,recovered,recovered,missed
domain_taxonomy_v1,childcare,C07,generic,no,activities,Confirm who accepts each remaining task,none,none,field,scatter,none,recovered,dropped,missed
domain_taxonomy_v1,childcare,C07,generic,no,activities,Clarify conflicting or missing task information,none,none,none,none,none,missed,missed,missed
domain_taxonomy_v1,childcare,C07,generic,no,activities,Prepare items needed for the next day,none,none,field,field,field,recovered,recovered,missed
domain_taxonomy_v1,childcare,C07,generic,no,activities,Mark completed preparation tasks in the checklist,none,scatter,field,field,scatter,recovered,recovered,missed
domain_taxonomy_v1,childcare,C07,generic,no,activities,Confirm unresolved tasks with the next-day caregiver,none,scatter,field,scatter,scatter,recovered,dropped,missed
domain_taxonomy_v1,childcare,C07,generic,no,actors,mother,none,none,none,none,none,missed,missed,missed
domain_taxonomy_v1,childcare,C07,generic,no,actors,partner,none,none,none,none,none,missed,missed,missed
domain_taxonomy_v1,childcare,C07,generic,no,actors,grandparent,none,none,none,none,none,missed,missed,missed
domain_taxonomy_v1,childcare,C07,generic,no,actors,next-day caregiver,field,field,field,field,field,carried,carried,missed
domain_taxonomy_v1,childcare,C07,generic,no,systems,family handover log,none,none,exact,exact,field,recovered,recovered,recovered
domain_taxonomy_v1,childcare,C07,generic,no,systems,evening task checklist,none,field,field,field,field,recovered,recovered,missed
domain_taxonomy_v1,childcare,C07,generic,no,systems,shared family calendar,none,none,exact,exact,none,recovered,recovered,recovered
domain_taxonomy_v1,childcare,C07,generic,no,systems,family messaging app,none,none,exact,exact,exact,recovered,recovered,recovered
domain_taxonomy_v1,childcare,C07,generic,no,inputs,unfinished task list,none,field,exact,exact,field,recovered,recovered,recovered
domain_taxonomy_v1,childcare,C07,generic,no,inputs,next-day schedule,field,field,exact,exact,field,carried,carried,recovered
domain_taxonomy_v1,childcare,C07,generic,no,inputs,caregiver availability,none,none,exact,exact,none,recovered,recovered,recovered
domain_taxonomy_v1,childcare,C07,generic,no,inputs,caregiver notes,none,none,exact,exact,none,recovered,recovered,recovered
domain_taxonomy_v1,childcare,C07,generic,no,outputs,acknowledged handover,none,none,none,scatter,none,unsupported,missed,missed
domain_taxonomy_v1,childcare,C07,generic,no,outputs,assigned remaining tasks,none,field,field,field,none,recovered,recovered,missed
domain_taxonomy_v1,childcare,C07,generic,no,outputs,prepared next-day items,none,none,field,field,field,recovered,recovered,missed
domain_taxonomy_v1,childcare,C07,generic,no,outputs,updated handover log,none,none,field,field,field,recovered,recovered,missed
domain_taxonomy_v1,childcare,C07,generic,no,decisions,Has the incoming caregiver acknowledged the remaining tasks?,none,field,field,field,scatter,recovered,recovered,missed
domain_taxonomy_v1,childcare,C07,generic,no,decisions,Are next-day items and task owners confirmed?,none,scatter,field,scatter,scatter,recovered,dropped,missed
domain_taxonomy_v1,childcare,C07,generic,no,exceptions,handover note missing,none,scatter,field,field,none,recovered,recovered,missed
domain_taxonomy_v1,childcare,C07,generic,no,exceptions,conflicting task information,none,scatter,field,none,scatter,dropped,dropped,missed
domain_taxonomy_v1,childcare,C07,generic,no,exceptions,incoming caregiver unavailable,none,field,field,field,field,recovered,recovered,missed
domain_taxonomy_v1,childcare,C07,generic,no,exceptions,next-day preparation incomplete,none,field,field,field,field,recovered,recovered,missed
domain_taxonomy_v1,childcare,C07,generic,no,automation_targets,A1: List the unfinished household care tasks,none,field,field,scatter,scatter,recovered,dropped,missed
domain_taxonomy_v1,childcare,C07,generic,no,automation_targets,A6: Prepare items needed for the next day,none,none,field,scatter,field,recovered,dropped,missed
domain_taxonomy_v1,childcare,C07,generic,no,automation_targets,A8: Confirm unresolved tasks with the next-day caregiver,none,scatter,field,scatter,scatter,recovered,dropped,missed
domain_taxonomy_v1,childcare,C08,generic,no,activities,Collect the activity schedule and participation requirements,none,none,field,field,scatter,recovered,recovered,missed
domain_taxonomy_v1,childcare,C08,generic,no,activities,Check household and transport caregiver availability,none,none,field,field,none,recovered,recovered,missed
domain_taxonomy_v1,childcare,C08,generic,no,activities,Compare the activity cost with the spending limit,none,none,field,field,none,recovered,recovered,missed
domain_taxonomy_v1,childcare,C08,generic,no,activities,Confirm the participation decision with the partner,none,none,field,field,field,recovered,recovered,missed
domain_taxonomy_v1,childcare,C08,generic,no,activities,Submit the approved registration request,none,none,field,field,none,recovered,recovered,missed
domain_taxonomy_v1,childcare,C08,generic,no,activities,Save provider confirmation before marking enrollment complete,none,none,field,none,scatter,dropped,dropped,missed
domain_taxonomy_v1,childcare,C08,generic,no,activities,Assign transport and add the activity to the calendar,field,field,field,field,none,carried,carried,missed
domain_taxonomy_v1,childcare,C08,generic,no,activities,Confirm revised arrangements after a provider schedule change,none,field,field,field,scatter,recovered,recovered,missed
domain_taxonomy_v1,childcare,C08,generic,no,actors,mother,none,none,exact,exact,exact,recovered,recovered,recovered
domain_taxonomy_v1,childcare,C08,generic,no,actors,partner,none,none,exact,exact,exact,recovered,recovered,recovered
domain_taxonomy_v1,childcare,C08,generic,no,actors,activity provider,field,exact,field,field,scatter,carried,carried,missed
domain_taxonomy_v1,childcare,C08,generic,no,actors,transport caregiver,none,none,exact,exact,none,recovered,recovered,recovered
domain_taxonomy_v1,childcare,C08,generic,no,systems,provider registration page,none,none,exact,exact,scatter,recovered,recovered,recovered
domain_taxonomy_v1,childcare,C08,generic,no,systems,shared family calendar,none,exact,exact,exact,none,recovered,recovered,recovered
domain_taxonomy_v1,childcare,C08,generic,no,systems,registration receipt folder,none,none,none,none,scatter,missed,missed,missed
domain_taxonomy_v1,childcare,C08,generic,no,systems,family messaging app,none,field,exact,exact,field,recovered,recovered,recovered
domain_taxonomy_v1,childcare,C08,generic,no,inputs,activity schedule,field,field,exact,exact,scatter,carried,carried,recovered
domain_taxonomy_v1,childcare,C08,generic,no,inputs,household availability,none,none,field,exact,none,recovered,recovered,unsupported
domain_taxonomy_v1,childcare,C08,generic,no,inputs,provider participation requirements,none,none,field,field,scatter,recovered,recovered,missed
domain_taxonomy_v1,childcare,C08,generic,no,inputs,household spending limit,none,none,exact,exact,none,recovered,recovered,recovered
domain_taxonomy_v1,childcare,C08,generic,no,outputs,participation decision,none,none,exact,exact,exact,recovered,recovered,recovered
domain_taxonomy_v1,childcare,C08,generic,no,outputs,registration confirmation,none,none,field,field,field,recovered,recovered,missed
domain_taxonomy_v1,childcare,C08,generic,no,outputs,transport assignment,none,none,field,exact,none,recovered,recovered,unsupported
domain_taxonomy_v1,childcare,C08,generic,no,outputs,updated calendar notice,none,none,field,field,none,recovered,recovered,missed
domain_taxonomy_v1,childcare,C08,generic,no,decisions,Do schedule and cost fit the household's agreed constraints?,none,scatter,field,field,none,recovered,recovered,missed
domain_taxonomy_v1,childcare,C08,generic,no,decisions,Has the provider confirmed enrollment or the revised schedule?,none,scatter,field,field,scatter,recovered,recovered,missed
domain_taxonomy_v1,childcare,C08,generic,no,exceptions,activity fully booked,none,none,exact,exact,exact,recovered,recovered,recovered
domain_taxonomy_v1,childcare,C08,generic,no,exceptions,registration confirmation missing,none,none,field,field,field,recovered,recovered,missed
domain_taxonomy_v1,childcare,C08,generic,no,exceptions,transport caregiver unavailable,none,none,field,field,none,recovered,recovered,missed
domain_taxonomy_v1,childcare,C08,generic,no,exceptions,provider schedule change,field,field,exact,exact,field,carried,carried,recovered
domain_taxonomy_v1,childcare,C08,generic,no,automation_targets,A2: Check household and transport caregiver availability,none,none,field,field,none,recovered,recovered,missed
domain_taxonomy_v1,childcare,C08,generic,no,automation_targets,A6: Save provider confirmation before marking enrollment complete,none,none,field,none,scatter,dropped,dropped,missed
domain_taxonomy_v1,childcare,C08,generic,no,automation_targets,A8: Confirm revised arrangements after a provider schedule change,none,field,field,field,scatter,recovered,recovered,missed
domain_taxonomy_v1,childcare,C01,common,no,activities,Check the arrival window and provider notice,none,none,scatter,scatter,none,recovered,missed,missed
domain_taxonomy_v1,childcare,C01,common,no,activities,Confirm the escort with the partner,none,none,field,scatter,scatter,recovered,dropped,missed
domain_taxonomy_v1,childcare,C01,common,no,activities,Review the daily item list,none,field,field,field,field,recovered,recovered,missed
domain_taxonomy_v1,childcare,C01,common,no,activities,Pack and check the bag,field,field,field,field,scatter,carried,carried,missed
domain_taxonomy_v1,childcare,C01,common,no,activities,Resolve missing items before departure,none,none,field,field,none,recovered,recovered,missed
domain_taxonomy_v1,childcare,C01,common,no,activities,Escort the child to childcare,field,field,field,field,field,carried,carried,missed
domain_taxonomy_v1,childcare,C01,common,no,activities,Send an arrival delay notice when needed,none,none,field,field,none,recovered,recovered,missed
domain_taxonomy_v1,childcare,C01,common,no,activities,Confirm handover with the childcare teacher,none,scatter,field,field,scatter,recovered,recovered,missed
domain_taxonomy_v1,childcare,C01,common,no,actors,mother,none,none,none,none,none,missed,missed,missed
domain_taxonomy_v1,childcare,C01,common,no,actors,partner,none,none,none,none,none,missed,missed,missed
domain_taxonomy_v1,childcare,C01,common,no,actors,childcare teacher,none,none,exact,exact,none,recovered,recovered,recovered
domain_taxonomy_v1,childcare,C01,common,no,actors,backup caregiver,none,none,exact,exact,exact,recovered,recovered,recovered
domain_taxonomy_v1,childcare,C01,common,no,systems,shared family calendar,none,none,none,none,none,missed,missed,missed
domain_taxonomy_v1,childcare,C01,common,no,systems,packing checklist,none,none,none,field,none,unsupported,unsupported,missed
domain_taxonomy_v1,childcare,C01,common,no,systems,childcare messaging app,none,field,exact,exact,none,recovered,recovered,recovered
domain_taxonomy_v1,childcare,C01,common,no,systems,attendance register,none,none,exact,exact,exact,recovered,recovered,recovered
domain_taxonomy_v1,childcare,C01,common,no,inputs,arrival window,none,none,exact,exact,exact,recovered,recovered,recovered
domain_taxonomy_v1,childcare,C01,common,no,inputs,daily item list,none,field,exact,exact,exact,recovered,recovered,recovered
domain_taxonomy_v1,childcare,C01,common,no,inputs,caregiver availability,none,none,none,scatter,none,unsupported,missed,missed
domain_taxonomy_v1,childcare,C01,common,no,inputs,provider notice,none,none,none,none,none,missed,missed,missed
domain_taxonomy_v1,childcare,C01,common,no,outputs,checked bag,none,none,scatter,none,none,dropped,missed,missed
domain_taxonomy_v1,childcare,C01,common,no,outputs,assigned escort,none,none,exact,exact,none,recovered,recovered,recovered
domain_taxonomy_v1,childcare,C01,common,no,outputs,arrival notice,none,none,field,field,none,recovered,recovered,missed
domain_taxonomy_v1,childcare,C01,common,no,outputs,handover confirmation,none,exact,exact,exact,none,recovered,recovered,recovered
domain_taxonomy_v1,childcare,C01,common,no,decisions,Are all required items packed?,none,scatter,field,field,none,recovered,recovered,missed
domain_taxonomy_v1,childcare,C01,common,no,decisions,Can the assigned escort meet the arrival window?,none,none,field,field,none,recovered,recovered,missed
domain_taxonomy_v1,childcare,C01,common,no,exceptions,missing required item,none,none,field,field,none,recovered,recovered,missed
domain_taxonomy_v1,childcare,C01,common,no,exceptions,escort unavailable,none,none,field,exact,none,recovered,recovered,unsupported
domain_taxonomy_v1,childcare,C01,common,no,exceptions,arrival delay,none,none,exact,exact,none,recovered,recovered,recovered
domain_taxonomy_v1,childcare,C01,common,no,exceptions,unacknowledged handover,none,none,exact,exact,exact,recovered,recovered,recovered
domain_taxonomy_v1,childcare,C01,common,no,automation_targets,A1: Check the arrival window and provider notice,none,none,scatter,scatter,none,recovered,missed,missed
domain_taxonomy_v1,childcare,C01,common,no,automation_targets,A4: Pack and check the bag,field,field,field,field,scatter,carried,carried,missed
domain_taxonomy_v1,childcare,C01,common,no,automation_targets,A7: Send an arrival delay notice when needed,none,none,field,scatter,none,recovered,dropped,missed
domain_taxonomy_v1,childcare,C02,common,no,activities,Review the pickup window,none,none,field,field,field,recovered,recovered,missed
domain_taxonomy_v1,childcare,C02,common,no,activities,Ask the planned collector to confirm availability,none,none,field,field,none,recovered,recovered,missed
domain_taxonomy_v1,childcare,C02,common,no,activities,Check the collector against authorized pickup names,none,none,field,field,scatter,recovered,recovered,missed
domain_taxonomy_v1,childcare,C02,common,no,activities,Request a collector change from the teacher if needed,none,none,field,scatter,scatter,recovered,dropped,missed
domain_taxonomy_v1,childcare,C02,common,no,activities,Wait for provider acknowledgment before the changed pickup,none,none,field,scatter,none,recovered,dropped,missed
domain_taxonomy_v1,childcare,C02,common,no,activities,Collect the child and confirm collection,field,field,field,scatter,field,carried,lost,missed
domain_taxonomy_v1,childcare,C02,common,no,activities,Record home arrival in the handover log,none,none,field,field,field,recovered,recovered,missed
domain_taxonomy_v1,childcare,C02,common,no,activities,Follow up on a missing collection confirmation,none,none,field,field,none,recovered,recovered,missed
domain_taxonomy_v1,childcare,C02,common,no,actors,mother,none,none,exact,exact,none,recovered,recovered,recovered
domain_taxonomy_v1,childcare,C02,common,no,actors,partner,none,none,exact,exact,none,recovered,recovered,recovered
domain_taxonomy_v1,childcare,C02,common,no,actors,backup caregiver,none,none,exact,exact,exact,recovered,recovered,recovered
domain_taxonomy_v1,childcare,C02,common,no,actors,childcare teacher,none,none,field,scatter,scatter,recovered,dropped,missed
domain_taxonomy_v1,childcare,C02,common,no,systems,shared family calendar,none,none,exact,exact,field,recovered,recovered,recovered
domain_taxonomy_v1,childcare,C02,common,no,systems,authorized pickup list,none,field,exact,exact,exact,recovered,recovered,recovered
domain_taxonomy_v1,childcare,C02,common,no,systems,childcare messaging app,none,field,exact,exact,exact,recovered,recovered,recovered
domain_taxonomy_v1,childcare,C02,common,no,systems,family handover log,none,none,exact,exact,exact,recovered,recovered,recovered
domain_taxonomy_v1,childcare,C02,common,no,inputs,pickup window,none,none,exact,exact,exact,recovered,recovered,recovered
domain_taxonomy_v1,childcare,C02,common,no,inputs,collector availability,none,none,field,exact,none,recovered,recovered,unsupported
domain_taxonomy_v1,childcare,C02,common,no,inputs,authorized pickup names,none,scatter,field,field,field,recovered,recovered,missed
domain_taxonomy_v1,childcare,C02,common,no,inputs,change request,none,none,field,scatter,none,recovered,dropped,missed
domain_taxonomy_v1,childcare,C02,common,no,outputs,confirmed collector,none,none,none,scatter,field,unsupported,missed,missed
domain_taxonomy_v1,childcare,C02,common,no,outputs,provider acknowledgment,none,none,exact,scatter,none,recovered,dropped,dropped
domain_taxonomy_v1,childcare,C02,common,no,outputs,collection confirmation,none,none,exact,exact,none,recovered,recovered,recovered
domain_taxonomy_v1,childcare,C02,common,no,outputs,home arrival note,none,none,field,field,none,recovered,recovered,missed
domain_taxonomy_v1,childcare,C02,common,no,decisions,Is the proposed collector already authorized?,none,none,field,field,scatter,recovered,recovered,missed
domain_taxonomy_v1,childcare,C02,common,no,decisions,Has collection been confirmed by the end of the pickup window?,none,none,field,field,scatter,recovered,recovered,missed
domain_taxonomy_v1,childcare,C02,common,no,exceptions,collector unavailable,none,none,field,field,none,recovered,recovered,missed
domain_taxonomy_v1,childcare,C02,common,no,exceptions,collector not authorized,none,scatter,field,field,field,recovered,recovered,missed
domain_taxonomy_v1,childcare,C02,common,no,exceptions,provider acknowledgment missing,none,none,field,scatter,none,recovered,dropped,missed
domain_taxonomy_v1,childcare,C02,common,no,exceptions,collection confirmation missing,none,none,field,field,none,recovered,recovered,missed
domain_taxonomy_v1,childcare,C02,common,no,automation_targets,A1: Review the pickup window,none,none,field,scatter,field,recovered,dropped,missed
domain_taxonomy_v1,childcare,C02,common,no,automation_targets,A2: Ask the planned collector to confirm availability,none,none,field,field,none,recovered,recovered,missed
domain_taxonomy_v1,childcare,C02,common,no,automation_targets,A8: Follow up on a missing collection confirmation,none,none,field,field,none,recovered,recovered,missed
domain_taxonomy_v1,childcare,C03,common,no,activities,Collect unread notices from the provider app,none,scatter,field,field,scatter,recovered,recovered,missed
domain_taxonomy_v1,childcare,C03,common,no,activities,Identify response and preparation requirements,none,scatter,field,exact,scatter,recovered,recovered,unsupported
domain_taxonomy_v1,childcare,C03,common,no,activities,Check the event against the household schedule,none,none,field,field,none,recovered,recovered,missed
domain_taxonomy_v1,childcare,C03,common,no,activities,Ask the administrator about unclear notice details,none,none,scatter,scatter,none,recovered,missed,missed
domain_taxonomy_v1,childcare,C03,common,no,activities,Confirm the family's participation decision,none,none,field,field,field,recovered,recovered,missed
domain_taxonomy_v1,childcare,C03,common,no,activities,Submit a response and save the receipt,none,none,field,field,scatter,recovered,recovered,missed
domain_taxonomy_v1,childcare,C03,common,no,activities,Add the event and item deadline to the calendar,none,scatter,field,field,field,recovered,recovered,missed
domain_taxonomy_v1,childcare,C03,common,no,activities,Check that the preparation reminder is assigned,none,none,exact,field,scatter,recovered,recovered,dropped
domain_taxonomy_v1,childcare,C03,common,no,actors,mother,none,none,exact,exact,exact,recovered,recovered,recovered
domain_taxonomy_v1,childcare,C03,common,no,actors,partner,none,none,exact,exact,exact,recovered,recovered,recovered
domain_taxonomy_v1,childcare,C03,common,no,actors,childcare administrator,none,none,scatter,exact,exact,recovered,unsupported,unsupported
domain_taxonomy_v1,childcare,C03,common,no,actors,childcare teacher,none,none,none,none,none,missed,missed,missed
domain_taxonomy_v1,childcare,C03,common,no,systems,childcare messaging app,none,field,exact,exact,exact,recovered,recovered,recovered
domain_taxonomy_v1,childcare,C03,common,no,systems,notice checklist,none,none,none,none,none,missed,missed,missed
domain_taxonomy_v1,childcare,C03,common,no,systems,shared family calendar,none,field,exact,exact,exact,recovered,recovered,recovered
domain_taxonomy_v1,childcare,C03,common,no,systems,response archive,none,none,none,none,none,missed,missed,missed
domain_taxonomy_v1,childcare,C03,common,no,inputs,provider notice,none,scatter,field,scatter,scatter,recovered,dropped,missed
domain_taxonomy_v1,childcare,C03,common,no,inputs,response deadline,none,exact,field,field,exact,recovered,recovered,missed
domain_taxonomy_v1,childcare,C03,common,no,inputs,household schedule,none,none,exact,exact,none,recovered,recovered,recovered
domain_taxonomy_v1,childcare,C03,common,no,inputs,required item details,none,field,scatter,field,none,recovered,unsupported,missed
domain_taxonomy_v1,childcare,C03,common,no,outputs,classified notice,none,none,none,none,none,missed,missed,missed
domain_taxonomy_v1,childcare,C03,common,no,outputs,submitted response,none,none,field,exact,none,recovered,recovered,unsupported
domain_taxonomy_v1,childcare,C03,common,no,outputs,calendar entry,none,none,none,exact,none,unsupported,unsupported,unsupported
domain_taxonomy_v1,childcare,C03,common,no,outputs,preparation reminder,none,none,exact,exact,exact,recovered,recovered,recovered
domain_taxonomy_v1,childcare,C03,common,no,decisions,Does the notice require an explicit response?,none,scatter,field,exact,field,recovered,recovered,unsupported
domain_taxonomy_v1,childcare,C03,common,no,decisions,Are the event details complete and compatible with the schedule?,none,none,field,scatter,none,recovered,dropped,missed
domain_taxonomy_v1,childcare,C03,common,no,exceptions,ambiguous notice,none,none,none,none,none,missed,missed,missed
domain_taxonomy_v1,childcare,C03,common,no,exceptions,schedule conflict,none,none,none,exact,none,unsupported,unsupported,unsupported
domain_taxonomy_v1,childcare,C03,common,no,exceptions,response receipt missing,none,none,field,field,field,recovered,recovered,missed
domain_taxonomy_v1,childcare,C03,common,no,exceptions,preparation task unassigned,none,none,field,field,scatter,recovered,recovered,missed
domain_taxonomy_v1,childcare,C03,common,no,automation_targets,A2: Identify response and preparation requirements,none,scatter,field,scatter,scatter,recovered,dropped,missed
domain_taxonomy_v1,childcare,C03,common,no,automation_targets,A7: Add the event and item deadline to the calendar,none,scatter,field,field,field,recovered,recovered,missed
domain_taxonomy_v1,childcare,C03,common,no,automation_targets,A8: Check that the preparation reminder is assigned,none,none,field,field,scatter,recovered,recovered,missed
domain_taxonomy_v1,childcare,C04,common,no,activities,Check the outing time and venue information,none,none,field,scatter,scatter,recovered,dropped,missed
domain_taxonomy_v1,childcare,C04,common,no,activities,Confirm who will accompany the child,none,scatter,field,scatter,scatter,recovered,dropped,missed
domain_taxonomy_v1,childcare,C04,common,no,activities,Prepare the outing checklist,none,none,field,scatter,scatter,recovered,dropped,missed
domain_taxonomy_v1,childcare,C04,common,no,activities,Check reusable items against the inventory,none,none,field,field,scatter,recovered,recovered,missed
domain_taxonomy_v1,childcare,C04,common,no,activities,Pack and confirm needed items,none,scatter,field,scatter,scatter,recovered,dropped,missed
domain_taxonomy_v1,childcare,C04,common,no,activities,Resolve missing items or change the outing plan,none,none,field,field,none,recovered,recovered,missed
domain_taxonomy_v1,childcare,C04,common,no,activities,Notify accompanying caregivers of plan changes,none,none,field,exact,scatter,recovered,recovered,unsupported
domain_taxonomy_v1,childcare,C04,common,no,activities,Record used items and restock the bag after returning,none,scatter,field,field,scatter,recovered,recovered,missed
domain_taxonomy_v1,childcare,C04,common,no,actors,mother,none,none,exact,exact,exact,recovered,recovered,recovered
domain_taxonomy_v1,childcare,C04,common,no,actors,partner,none,exact,exact,exact,exact,recovered,recovered,recovered
domain_taxonomy_v1,childcare,C04,common,no,actors,accompanying caregiver,none,none,exact,exact,exact,recovered,recovered,recovered
domain_taxonomy_v1,childcare,C04,common,no,actors,venue contact,none,none,field,field,none,recovered,recovered,missed
domain_taxonomy_v1,childcare,C04,common,no,systems,shared family calendar,none,none,exact,exact,exact,recovered,recovered,recovered
domain_taxonomy_v1,childcare,C04,common,no,systems,outing checklist,none,none,exact,exact,scatter,recovered,recovered,recovered
domain_taxonomy_v1,childcare,C04,common,no,systems,venue information page,none,none,field,field,none,recovered,recovered,missed
domain_taxonomy_v1,childcare,C04,common,no,systems,household inventory list,none,none,exact,exact,exact,recovered,recovered,recovered
domain_taxonomy_v1,childcare,C04,common,no,inputs,outing time,none,field,field,field,scatter,recovered,recovered,missed
domain_taxonomy_v1,childcare,C04,common,no,inputs,venue information,none,none,exact,exact,none,recovered,recovered,recovered
domain_taxonomy_v1,childcare,C04,common,no,inputs,attendee availability,none,none,scatter,field,none,recovered,unsupported,missed
domain_taxonomy_v1,childcare,C04,common,no,inputs,reusable item inventory,none,none,field,field,field,recovered,recovered,missed
domain_taxonomy_v1,childcare,C04,common,no,outputs,confirmed outing plan,none,none,field,exact,field,recovered,recovered,unsupported
domain_taxonomy_v1,childcare,C04,common,no,outputs,packed items list,none,field,field,field,scatter,recovered,recovered,missed
domain_taxonomy_v1,childcare,C04,common,no,outputs,change notification,none,none,field,field,none,recovered,recovered,missed
domain_taxonomy_v1,childcare,C04,common,no,outputs,restocked bag,none,none,field,exact,none,recovered,recovered,unsupported
domain_taxonomy_v1,childcare,C04,common,no,decisions,Are the venue plan and accompanying caregiver confirmed?,none,none,field,field,scatter,recovered,recovered,missed
domain_taxonomy_v1,childcare,C04,common,no,decisions,Are required items available?,none,scatter,field,field,scatter,recovered,recovered,missed
domain_taxonomy_v1,childcare,C04,common,no,exceptions,venue plan changes,none,none,field,field,scatter,recovered,recovered,missed
domain_taxonomy_v1,childcare,C04,common,no,exceptions,accompanying caregiver unavailable,none,none,field,field,field,recovered,recovered,missed
domain_taxonomy_v1,childcare,C04,common,no,exceptions,required item missing,none,field,field,field,field,recovered,recovered,missed
domain_taxonomy_v1,childcare,C04,common,no,exceptions,used items not restocked,none,none,field,scatter,scatter,recovered,dropped,missed
domain_taxonomy_v1,childcare,C04,common,no,automation_targets,A3: Prepare the outing checklist,none,none,field,scatter,scatter,recovered,dropped,missed
domain_taxonomy_v1,childcare,C04,common,no,automation_targets,A7: Notify accompanying caregivers of plan changes,none,none,field,field,scatter,recovered,recovered,missed
domain_taxonomy_v1,childcare,C04,common,no,automation_targets,A8: Record used items and restock the bag after returning,none,scatter,field,field,scatter,recovered,recovered,missed
domain_taxonomy_v1,childcare,C05,common,no,activities,Collect adult availability for the coming week,none,none,field,field,none,recovered,recovered,missed
domain_taxonomy_v1,childcare,C05,common,no,activities,List care periods outside childcare hours,none,none,scatter,scatter,none,recovered,missed,missed
domain_taxonomy_v1,childcare,C05,common,no,activities,Match each care period with an available adult,none,none,none,scatter,none,unsupported,missed,missed
domain_taxonomy_v1,childcare,C05,common,no,activities,Request explicit acceptance from assigned caregivers,none,none,none,none,none,missed,missed,missed
domain_taxonomy_v1,childcare,C05,common,no,activities,Find a replacement for an uncovered period,none,field,field,field,field,recovered,recovered,missed
domain_taxonomy_v1,childcare,C05,common,no,activities,Publish the agreed schedule in the shared calendar,none,field,field,scatter,scatter,recovered,dropped,missed
domain_taxonomy_v1,childcare,C05,common,no,activities,Notify affected caregivers of any later change,none,none,field,scatter,none,recovered,dropped,missed
domain_taxonomy_v1,childcare,C05,common,no,activities,Record acknowledgment of the revised assignment,none,none,field,field,field,recovered,recovered,missed
domain_taxonomy_v1,childcare,C05,common,no,actors,mother,none,none,exact,exact,none,recovered,recovered,recovered
domain_taxonomy_v1,childcare,C05,common,no,actors,partner,none,none,exact,exact,none,recovered,recovered,recovered
domain_taxonomy_v1,childcare,C05,common,no,actors,grandparent,none,none,exact,exact,exact,recovered,recovered,recovered
domain_taxonomy_v1,childcare,C05,common,no,actors,backup caregiver,none,field,exact,exact,exact,recovered,recovered,recovered
domain_taxonomy_v1,childcare,C05,common,no,systems,shared family calendar,none,field,exact,exact,exact,recovered,recovered,recovered
domain_taxonomy_v1,childcare,C05,common,no,systems,care availability form,none,scatter,exact,exact,exact,recovered,recovered,recovered
domain_taxonomy_v1,childcare,C05,common,no,systems,family messaging app,none,field,exact,exact,exact,recovered,recovered,recovered
domain_taxonomy_v1,childcare,C05,common,no,systems,care assignment table,none,none,exact,exact,exact,recovered,recovered,recovered
domain_taxonomy_v1,childcare,C05,common,no,inputs,childcare hours,none,none,none,none,none,missed,missed,missed
domain_taxonomy_v1,childcare,C05,common,no,inputs,adult availability,none,none,field,scatter,none,recovered,dropped,missed
domain_taxonomy_v1,childcare,C05,common,no,inputs,work commitments,none,none,none,none,none,missed,missed,missed
domain_taxonomy_v1,childcare,C05,common,no,inputs,backup availability,none,scatter,scatter,scatter,scatter,recovered,missed,missed
domain_taxonomy_v1,childcare,C05,common,no,outputs,weekly care plan,none,none,none,field,none,unsupported,unsupported,missed
domain_taxonomy_v1,childcare,C05,common,no,outputs,accepted assignments,none,none,none,none,none,missed,missed,missed
domain_taxonomy_v1,childcare,C05,common,no,outputs,updated calendar,none,scatter,scatter,field,none,recovered,unsupported,missed
domain_taxonomy_v1,childcare,C05,common,no,outputs,change acknowledgment,none,none,field,none,none,dropped,dropped,missed
domain_taxonomy_v1,childcare,C05,common,no,decisions,Is every required care period assigned to an available adult?,none,none,scatter,scatter,none,recovered,missed,missed
domain_taxonomy_v1,childcare,C05,common,no,decisions,Has the assigned caregiver accepted the period?,none,none,none,field,none,unsupported,unsupported,missed
domain_taxonomy_v1,childcare,C05,common,no,exceptions,uncovered care period,none,none,exact,exact,field,recovered,recovered,recovered
domain_taxonomy_v1,childcare,C05,common,no,exceptions,overlapping adult commitments,none,none,none,none,none,missed,missed,missed
domain_taxonomy_v1,childcare,C05,common,no,exceptions,assignment not accepted,none,none,field,field,field,recovered,recovered,missed
domain_taxonomy_v1,childcare,C05,common,no,exceptions,last-minute caregiver cancellation,none,none,none,none,none,missed,missed,missed
domain_taxonomy_v1,childcare,C05,common,no,automation_targets,A2: List care periods outside childcare hours,none,none,scatter,none,none,dropped,missed,missed
domain_taxonomy_v1,childcare,C05,common,no,automation_targets,A3: Match each care period with an available adult,none,none,none,scatter,none,unsupported,missed,missed
domain_taxonomy_v1,childcare,C05,common,no,automation_targets,A8: Record acknowledgment of the revised assignment,none,none,field,field,field,recovered,recovered,missed
domain_taxonomy_v1,childcare,C06,common,no,activities,Count the available household supplies,none,none,field,scatter,none,recovered,dropped,missed
domain_taxonomy_v1,childcare,C06,common,no,activities,Compare counts with household reorder thresholds,none,none,field,scatter,none,recovered,dropped,missed
domain_taxonomy_v1,childcare,C06,common,no,activities,Check proposed items against the approved product list,none,none,scatter,scatter,none,recovered,missed,missed
domain_taxonomy_v1,childcare,C06,common,no,activities,Review the basket against the spending limit,none,none,none,none,none,missed,missed,missed
domain_taxonomy_v1,childcare,C06,common,no,activities,Resolve unavailable products with a parent,none,none,none,none,none,missed,missed,missed
domain_taxonomy_v1,childcare,C06,common,no,activities,Place the confirmed order and save confirmation,none,none,field,scatter,field,recovered,dropped,missed
domain_taxonomy_v1,childcare,C06,common,no,activities,Check the delivery against the order record,field,scatter,field,field,field,carried,carried,missed
domain_taxonomy_v1,childcare,C06,common,no,activities,Store items and update the inventory count,none,scatter,field,scatter,field,recovered,dropped,missed
domain_taxonomy_v1,childcare,C06,common,no,actors,mother,none,none,exact,exact,exact,recovered,recovered,recovered
domain_taxonomy_v1,childcare,C06,common,no,actors,partner,none,none,exact,exact,exact,recovered,recovered,recovered
domain_taxonomy_v1,childcare,C06,common,no,actors,supplier,none,none,none,none,none,missed,missed,missed
domain_taxonomy_v1,childcare,C06,common,no,actors,receiving caregiver,none,none,exact,exact,exact,recovered,recovered,recovered
domain_taxonomy_v1,childcare,C06,common,no,systems,household inventory list,none,none,exact,exact,exact,recovered,recovered,recovered
domain_taxonomy_v1,childcare,C06,common,no,systems,shopping list,none,none,exact,exact,none,recovered,recovered,recovered
domain_taxonomy_v1,childcare,C06,common,no,systems,online shop,none,none,exact,exact,none,recovered,recovered,recovered
domain_taxonomy_v1,childcare,C06,common,no,systems,order record,none,scatter,exact,exact,none,recovered,recovered,recovered
domain_taxonomy_v1,childcare,C06,common,no,inputs,physical stock count,none,scatter,field,exact,none,recovered,recovered,unsupported
domain_taxonomy_v1,childcare,C06,common,no,inputs,household reorder threshold,none,field,exact,exact,field,recovered,recovered,recovered
domain_taxonomy_v1,childcare,C06,common,no,inputs,approved product list,none,none,none,none,none,missed,missed,missed
domain_taxonomy_v1,childcare,C06,common,no,inputs,spending limit,none,none,none,none,none,missed,missed,missed
domain_taxonomy_v1,childcare,C06,common,no,outputs,verified inventory,none,none,none,scatter,none,unsupported,missed,missed
domain_taxonomy_v1,childcare,C06,common,no,outputs,approved shopping list,none,none,field,field,none,recovered,recovered,missed
domain_taxonomy_v1,childcare,C06,common,no,outputs,order confirmation,none,none,exact,exact,exact,recovered,recovered,recovered
domain_taxonomy_v1,childcare,C06,common,no,outputs,receipt and stock update,none,scatter,scatter,field,scatter,recovered,unsupported,missed
domain_taxonomy_v1,childcare,C06,common,no,decisions,Is the stock below the household reorder threshold?,none,scatter,field,scatter,scatter,recovered,dropped,missed
domain_taxonomy_v1,childcare,C06,common,no,decisions,Does the basket meet product and spending constraints?,none,none,none,none,none,missed,missed,missed
domain_taxonomy_v1,childcare,C06,common,no,exceptions,inventory count outdated,none,none,field,field,none,recovered,recovered,missed
domain_taxonomy_v1,childcare,C06,common,no,exceptions,approved product unavailable,none,none,none,none,none,missed,missed,missed
domain_taxonomy_v1,childcare,C06,common,no,exceptions,basket exceeds spending limit,none,none,none,none,none,missed,missed,missed
domain_taxonomy_v1,childcare,C06,common,no,exceptions,delivery differs from order,none,none,field,field,none,recovered,recovered,missed
domain_taxonomy_v1,childcare,C06,common,no,automation_targets,A2: Compare counts with household reorder thresholds,none,none,field,scatter,none,recovered,dropped,missed
domain_taxonomy_v1,childcare,C06,common,no,automation_targets,A4: Review the basket against the spending limit,none,none,none,none,none,missed,missed,missed
domain_taxonomy_v1,childcare,C06,common,no,automation_targets,A8: Store items and update the inventory count,none,scatter,field,scatter,field,recovered,dropped,missed
domain_taxonomy_v1,childcare,C07,common,no,activities,List the unfinished household care tasks,none,scatter,field,scatter,none,recovered,dropped,missed
domain_taxonomy_v1,childcare,C07,common,no,activities,Review the next-day schedule,field,field,field,field,field,carried,carried,missed
domain_taxonomy_v1,childcare,C07,common,no,activities,Share relevant caregiver notes with the incoming caregiver,none,field,field,field,scatter,recovered,recovered,missed
domain_taxonomy_v1,childcare,C07,common,no,activities,Confirm who accepts each remaining task,none,none,none,none,none,missed,missed,missed
domain_taxonomy_v1,childcare,C07,common,no,activities,Clarify conflicting or missing task information,none,none,none,none,none,missed,missed,missed
domain_taxonomy_v1,childcare,C07,common,no,activities,Prepare items needed for the next day,none,none,field,field,field,recovered,recovered,missed
domain_taxonomy_v1,childcare,C07,common,no,activities,Mark completed preparation tasks in the checklist,none,field,field,field,none,recovered,recovered,missed
domain_taxonomy_v1,childcare,C07,common,no,activities,Confirm unresolved tasks with the next-day caregiver,none,scatter,field,scatter,scatter,recovered,dropped,missed
domain_taxonomy_v1,childcare,C07,common,no,actors,mother,none,none,none,none,none,missed,missed,missed
domain_taxonomy_v1,childcare,C07,common,no,actors,partner,none,none,exact,exact,exact,recovered,recovered,recovered
domain_taxonomy_v1,childcare,C07,common,no,actors,grandparent,none,none,none,none,none,missed,missed,missed
domain_taxonomy_v1,childcare,C07,common,no,actors,next-day caregiver,field,field,field,field,field,carried,carried,missed
domain_taxonomy_v1,childcare,C07,common,no,systems,family handover log,none,field,exact,exact,none,recovered,recovered,recovered
domain_taxonomy_v1,childcare,C07,common,no,systems,evening task checklist,none,field,exact,exact,exact,recovered,recovered,recovered
domain_taxonomy_v1,childcare,C07,common,no,systems,shared family calendar,none,none,field,field,field,recovered,recovered,missed
domain_taxonomy_v1,childcare,C07,common,no,systems,family messaging app,none,none,exact,exact,none,recovered,recovered,recovered
domain_taxonomy_v1,childcare,C07,common,no,inputs,unfinished task list,none,field,exact,exact,field,recovered,recovered,recovered
domain_taxonomy_v1,childcare,C07,common,no,inputs,next-day schedule,field,field,exact,exact,exact,carried,carried,recovered
domain_taxonomy_v1,childcare,C07,common,no,inputs,caregiver availability,none,scatter,field,exact,none,recovered,recovered,unsupported
domain_taxonomy_v1,childcare,C07,common,no,inputs,caregiver notes,none,none,exact,field,none,recovered,recovered,dropped
domain_taxonomy_v1,childcare,C07,common,no,outputs,acknowledged handover,none,none,none,none,none,missed,missed,missed
domain_taxonomy_v1,childcare,C07,common,no,outputs,assigned remaining tasks,none,none,none,scatter,none,unsupported,missed,missed
domain_taxonomy_v1,childcare,C07,common,no,outputs,prepared next-day items,none,none,field,field,field,recovered,recovered,missed
domain_taxonomy_v1,childcare,C07,common,no,outputs,updated handover log,none,field,field,field,none,recovered,recovered,missed
domain_taxonomy_v1,childcare,C07,common,no,decisions,Has the incoming caregiver acknowledged the remaining tasks?,none,scatter,field,scatter,none,recovered,dropped,missed
domain_taxonomy_v1,childcare,C07,common,no,decisions,Are next-day items and task owners confirmed?,none,scatter,field,scatter,scatter,recovered,dropped,missed
domain_taxonomy_v1,childcare,C07,common,no,exceptions,handover note missing,none,none,field,field,none,recovered,recovered,missed
domain_taxonomy_v1,childcare,C07,common,no,exceptions,conflicting task information,none,scatter,field,none,none,dropped,dropped,missed
domain_taxonomy_v1,childcare,C07,common,no,exceptions,incoming caregiver unavailable,none,field,field,field,field,recovered,recovered,missed
domain_taxonomy_v1,childcare,C07,common,no,exceptions,next-day preparation incomplete,none,scatter,field,field,field,recovered,recovered,missed
domain_taxonomy_v1,childcare,C07,common,no,automation_targets,A1: List the unfinished household care tasks,none,scatter,field,scatter,none,recovered,dropped,missed
domain_taxonomy_v1,childcare,C07,common,no,automation_targets,A6: Prepare items needed for the next day,none,none,field,scatter,field,recovered,dropped,missed
domain_taxonomy_v1,childcare,C07,common,no,automation_targets,A8: Confirm unresolved tasks with the next-day caregiver,none,scatter,field,scatter,scatter,recovered,dropped,missed
domain_taxonomy_v1,childcare,C08,common,no,activities,Collect the activity schedule and participation requirements,none,none,field,field,scatter,recovered,recovered,missed
domain_taxonomy_v1,childcare,C08,common,no,activities,Check household and transport caregiver availability,none,none,field,field,none,recovered,recovered,missed
domain_taxonomy_v1,childcare,C08,common,no,activities,Compare the activity cost with the spending limit,none,field,field,field,none,recovered,recovered,missed
domain_taxonomy_v1,childcare,C08,common,no,activities,Confirm the participation decision with the partner,none,none,field,field,field,recovered,recovered,missed
domain_taxonomy_v1,childcare,C08,common,no,activities,Submit the approved registration request,none,none,field,field,none,recovered,recovered,missed
domain_taxonomy_v1,childcare,C08,common,no,activities,Save provider confirmation before marking enrollment complete,none,none,field,scatter,none,recovered,dropped,missed
domain_taxonomy_v1,childcare,C08,common,no,activities,Assign transport and add the activity to the calendar,field,field,field,field,field,carried,carried,missed
domain_taxonomy_v1,childcare,C08,common,no,activities,Confirm revised arrangements after a provider schedule change,none,none,field,field,none,recovered,recovered,missed
domain_taxonomy_v1,childcare,C08,common,no,actors,mother,none,none,exact,exact,none,recovered,recovered,recovered
domain_taxonomy_v1,childcare,C08,common,no,actors,partner,none,none,exact,exact,exact,recovered,recovered,recovered
domain_taxonomy_v1,childcare,C08,common,no,actors,activity provider,field,exact,field,field,scatter,carried,carried,missed
domain_taxonomy_v1,childcare,C08,common,no,actors,transport caregiver,none,none,exact,exact,exact,recovered,recovered,recovered
domain_taxonomy_v1,childcare,C08,common,no,systems,provider registration page,none,none,exact,exact,none,recovered,recovered,recovered
domain_taxonomy_v1,childcare,C08,common,no,systems,shared family calendar,none,field,exact,exact,none,recovered,recovered,recovered
domain_taxonomy_v1,childcare,C08,common,no,systems,registration receipt folder,none,none,none,none,none,missed,missed,missed
domain_taxonomy_v1,childcare,C08,common,no,systems,family messaging app,none,scatter,scatter,scatter,none,recovered,missed,missed
domain_taxonomy_v1,childcare,C08,common,no,inputs,activity schedule,field,exact,exact,exact,field,carried,carried,recovered
domain_taxonomy_v1,childcare,C08,common,no,inputs,household availability,none,none,field,exact,none,recovered,recovered,unsupported
domain_taxonomy_v1,childcare,C08,common,no,inputs,provider participation requirements,none,none,field,field,scatter,recovered,recovered,missed
domain_taxonomy_v1,childcare,C08,common,no,inputs,household spending limit,none,none,field,exact,none,recovered,recovered,unsupported
domain_taxonomy_v1,childcare,C08,common,no,outputs,participation decision,none,none,exact,exact,exact,recovered,recovered,recovered
domain_taxonomy_v1,childcare,C08,common,no,outputs,registration confirmation,none,none,field,scatter,none,recovered,dropped,missed
domain_taxonomy_v1,childcare,C08,common,no,outputs,transport assignment,none,none,none,exact,exact,unsupported,unsupported,unsupported
domain_taxonomy_v1,childcare,C08,common,no,outputs,updated calendar notice,none,none,field,field,none,recovered,recovered,missed
domain_taxonomy_v1,childcare,C08,common,no,decisions,Do schedule and cost fit the household's agreed constraints?,none,scatter,field,field,none,recovered,recovered,missed
domain_taxonomy_v1,childcare,C08,common,no,decisions,Has the provider confirmed enrollment or the revised schedule?,none,field,field,field,field,recovered,recovered,missed
domain_taxonomy_v1,childcare,C08,common,no,exceptions,activity fully booked,none,none,none,none,none,missed,missed,missed
domain_taxonomy_v1,childcare,C08,common,no,exceptions,registration confirmation missing,none,none,field,scatter,field,recovered,dropped,missed
domain_taxonomy_v1,childcare,C08,common,no,exceptions,transport caregiver unavailable,none,none,field,field,field,recovered,recovered,missed
domain_taxonomy_v1,childcare,C08,common,no,exceptions,provider schedule change,field,field,exact,exact,exact,carried,carried,recovered
domain_taxonomy_v1,childcare,C08,common,no,automation_targets,A2: Check household and transport caregiver availability,none,none,field,field,none,recovered,recovered,missed
domain_taxonomy_v1,childcare,C08,common,no,automation_targets,A6: Save provider confirmation before marking enrollment complete,none,none,field,scatter,none,recovered,dropped,missed
domain_taxonomy_v1,childcare,C08,common,no,automation_targets,A8: Confirm revised arrangements after a provider schedule change,none,none,field,scatter,none,recovered,dropped,missed
domain_taxonomy_v1,childcare,C01,domain,no,activities,Check the arrival window and provider notice,none,none,field,scatter,scatter,recovered,dropped,missed
domain_taxonomy_v1,childcare,C01,domain,no,activities,Confirm the escort with the partner,none,scatter,field,field,field,recovered,recovered,missed
domain_taxonomy_v1,childcare,C01,domain,no,activities,Review the daily item list,none,scatter,field,field,field,recovered,recovered,missed
domain_taxonomy_v1,childcare,C01,domain,no,activities,Pack and check the bag,field,scatter,field,field,field,carried,carried,missed
domain_taxonomy_v1,childcare,C01,domain,no,activities,Resolve missing items before departure,none,none,field,scatter,field,recovered,dropped,missed
domain_taxonomy_v1,childcare,C01,domain,no,activities,Escort the child to childcare,field,field,field,field,field,carried,carried,missed
domain_taxonomy_v1,childcare,C01,domain,no,activities,Send an arrival delay notice when needed,none,none,field,field,field,recovered,recovered,missed
domain_taxonomy_v1,childcare,C01,domain,no,activities,Confirm handover with the childcare teacher,none,none,field,field,scatter,recovered,recovered,missed
domain_taxonomy_v1,childcare,C01,domain,no,actors,mother,none,none,exact,exact,none,recovered,recovered,recovered
domain_taxonomy_v1,childcare,C01,domain,no,actors,partner,none,exact,exact,exact,exact,recovered,recovered,recovered
domain_taxonomy_v1,childcare,C01,domain,no,actors,childcare teacher,none,none,exact,exact,exact,recovered,recovered,recovered
domain_taxonomy_v1,childcare,C01,domain,no,actors,backup caregiver,none,none,exact,exact,exact,recovered,recovered,recovered
domain_taxonomy_v1,childcare,C01,domain,no,systems,shared family calendar,none,none,none,none,none,missed,missed,missed
domain_taxonomy_v1,childcare,C01,domain,no,systems,packing checklist,none,none,exact,exact,exact,recovered,recovered,recovered
domain_taxonomy_v1,childcare,C01,domain,no,systems,childcare messaging app,none,field,none,scatter,field,unsupported,missed,missed
domain_taxonomy_v1,childcare,C01,domain,no,systems,attendance register,none,none,exact,exact,none,recovered,recovered,recovered
domain_taxonomy_v1,childcare,C01,domain,no,inputs,arrival window,none,none,exact,exact,exact,recovered,recovered,recovered
domain_taxonomy_v1,childcare,C01,domain,no,inputs,daily item list,none,field,exact,exact,field,recovered,recovered,recovered
domain_taxonomy_v1,childcare,C01,domain,no,inputs,caregiver availability,none,none,field,field,none,recovered,recovered,missed
domain_taxonomy_v1,childcare,C01,domain,no,inputs,provider notice,none,none,field,scatter,none,recovered,dropped,missed
domain_taxonomy_v1,childcare,C01,domain,no,outputs,checked bag,none,none,scatter,none,none,dropped,missed,missed
domain_taxonomy_v1,childcare,C01,domain,no,outputs,assigned escort,none,none,exact,exact,none,recovered,recovered,recovered
domain_taxonomy_v1,childcare,C01,domain,no,outputs,arrival notice,none,none,field,field,field,recovered,recovered,missed
domain_taxonomy_v1,childcare,C01,domain,no,outputs,handover confirmation,none,none,exact,exact,none,recovered,recovered,recovered
domain_taxonomy_v1,childcare,C01,domain,no,decisions,Are all required items packed?,none,none,field,field,scatter,recovered,recovered,missed
domain_taxonomy_v1,childcare,C01,domain,no,decisions,Can the assigned escort meet the arrival window?,none,none,field,field,scatter,recovered,recovered,missed
domain_taxonomy_v1,childcare,C01,domain,no,exceptions,missing required item,none,none,exact,exact,exact,recovered,recovered,recovered
domain_taxonomy_v1,childcare,C01,domain,no,exceptions,escort unavailable,none,none,none,scatter,none,unsupported,missed,missed
domain_taxonomy_v1,childcare,C01,domain,no,exceptions,arrival delay,none,none,exact,exact,exact,recovered,recovered,recovered
domain_taxonomy_v1,childcare,C01,domain,no,exceptions,unacknowledged handover,none,none,exact,exact,exact,recovered,recovered,recovered
domain_taxonomy_v1,childcare,C01,domain,no,automation_targets,A1: Check the arrival window and provider notice,none,none,field,scatter,scatter,recovered,dropped,missed
domain_taxonomy_v1,childcare,C01,domain,no,automation_targets,A4: Pack and check the bag,field,scatter,field,field,field,carried,carried,missed
domain_taxonomy_v1,childcare,C01,domain,no,automation_targets,A7: Send an arrival delay notice when needed,none,none,field,field,field,recovered,recovered,missed
domain_taxonomy_v1,childcare,C02,domain,no,activities,Review the pickup window,none,none,field,field,field,recovered,recovered,missed
domain_taxonomy_v1,childcare,C02,domain,no,activities,Ask the planned collector to confirm availability,none,none,field,scatter,none,recovered,dropped,missed
domain_taxonomy_v1,childcare,C02,domain,no,activities,Check the collector against authorized pickup names,none,none,none,none,none,missed,missed,missed
domain_taxonomy_v1,childcare,C02,domain,no,activities,Request a collector change from the teacher if needed,none,none,field,field,none,recovered,recovered,missed
domain_taxonomy_v1,childcare,C02,domain,no,activities,Wait for provider acknowledgment before the changed pickup,none,none,field,scatter,field,recovered,dropped,missed
domain_taxonomy_v1,childcare,C02,domain,no,activities,Collect the child and confirm collection,field,field,field,field,field,carried,carried,missed
domain_taxonomy_v1,childcare,C02,domain,no,activities,Record home arrival in the handover log,none,none,field,field,none,recovered,recovered,missed
domain_taxonomy_v1,childcare,C02,domain,no,activities,Follow up on a missing collection confirmation,none,none,scatter,scatter,none,recovered,missed,missed
domain_taxonomy_v1,childcare,C02,domain,no,actors,mother,none,none,exact,exact,exact,recovered,recovered,recovered
domain_taxonomy_v1,childcare,C02,domain,no,actors,partner,none,none,exact,exact,exact,recovered,recovered,recovered
domain_taxonomy_v1,childcare,C02,domain,no,actors,backup caregiver,none,none,exact,exact,exact,recovered,recovered,recovered
domain_taxonomy_v1,childcare,C02,domain,no,actors,childcare teacher,none,none,scatter,field,none,recovered,unsupported,missed
domain_taxonomy_v1,childcare,C02,domain,no,systems,shared family calendar,none,none,exact,exact,none,recovered,recovered,recovered
domain_taxonomy_v1,childcare,C02,domain,no,systems,authorized pickup list,none,scatter,exact,field,field,recovered,recovered,dropped
domain_taxonomy_v1,childcare,C02,domain,no,systems,childcare messaging app,none,field,exact,exact,none,recovered,recovered,recovered
domain_taxonomy_v1,childcare,C02,domain,no,systems,family handover log,none,none,exact,exact,none,recovered,recovered,recovered
domain_taxonomy_v1,childcare,C02,domain,no,inputs,pickup window,none,none,exact,exact,exact,recovered,recovered,recovered
domain_taxonomy_v1,childcare,C02,domain,no,inputs,collector availability,none,none,field,exact,none,recovered,recovered,unsupported
domain_taxonomy_v1,childcare,C02,domain,no,inputs,authorized pickup names,none,none,field,none,none,dropped,dropped,missed
domain_taxonomy_v1,childcare,C02,domain,no,inputs,change request,none,none,field,exact,none,recovered,recovered,unsupported
domain_taxonomy_v1,childcare,C02,domain,no,outputs,confirmed collector,none,none,field,exact,none,recovered,recovered,unsupported
domain_taxonomy_v1,childcare,C02,domain,no,outputs,provider acknowledgment,none,none,field,none,none,dropped,dropped,missed
domain_taxonomy_v1,childcare,C02,domain,no,outputs,collection confirmation,none,none,scatter,scatter,none,recovered,missed,missed
domain_taxonomy_v1,childcare,C02,domain,no,outputs,home arrival note,none,none,exact,exact,none,recovered,recovered,recovered
domain_taxonomy_v1,childcare,C02,domain,no,decisions,Is the proposed collector already authorized?,none,none,scatter,field,none,recovered,unsupported,missed
domain_taxonomy_v1,childcare,C02,domain,no,decisions,Has collection been confirmed by the end of the pickup window?,none,none,field,field,scatter,recovered,recovered,missed
domain_taxonomy_v1,childcare,C02,domain,no,exceptions,collector unavailable,none,none,none,field,none,unsupported,unsupported,missed
domain_taxonomy_v1,childcare,C02,domain,no,exceptions,collector not authorized,none,field,field,field,field,recovered,recovered,missed
domain_taxonomy_v1,childcare,C02,domain,no,exceptions,provider acknowledgment missing,none,none,field,scatter,none,recovered,dropped,missed
domain_taxonomy_v1,childcare,C02,domain,no,exceptions,collection confirmation missing,none,none,scatter,field,none,recovered,unsupported,missed
domain_taxonomy_v1,childcare,C02,domain,no,automation_targets,A1: Review the pickup window,none,none,field,field,field,recovered,recovered,missed
domain_taxonomy_v1,childcare,C02,domain,no,automation_targets,A2: Ask the planned collector to confirm availability,none,none,field,none,none,dropped,dropped,missed
domain_taxonomy_v1,childcare,C02,domain,no,automation_targets,A8: Follow up on a missing collection confirmation,none,none,scatter,none,none,dropped,missed,missed
domain_taxonomy_v1,childcare,C03,domain,no,activities,Collect unread notices from the provider app,none,none,scatter,scatter,none,recovered,missed,missed
domain_taxonomy_v1,childcare,C03,domain,no,activities,Identify response and preparation requirements,none,scatter,field,scatter,scatter,recovered,dropped,missed
domain_taxonomy_v1,childcare,C03,domain,no,activities,Check the event against the household schedule,none,scatter,field,scatter,none,recovered,dropped,missed
domain_taxonomy_v1,childcare,C03,domain,no,activities,Ask the administrator about unclear notice details,none,none,none,none,none,missed,missed,missed
domain_taxonomy_v1,childcare,C03,domain,no,activities,Confirm the family's participation decision,none,scatter,field,scatter,field,recovered,dropped,missed
domain_taxonomy_v1,childcare,C03,domain,no,activities,Submit a response and save the receipt,none,none,field,field,none,recovered,recovered,missed
domain_taxonomy_v1,childcare,C03,domain,no,activities,Add the event and item deadline to the calendar,none,field,field,field,scatter,recovered,recovered,missed
domain_taxonomy_v1,childcare,C03,domain,no,activities,Check that the preparation reminder is assigned,none,scatter,field,field,field,recovered,recovered,missed
domain_taxonomy_v1,childcare,C03,domain,no,actors,mother,none,none,exact,exact,exact,recovered,recovered,recovered
domain_taxonomy_v1,childcare,C03,domain,no,actors,partner,none,none,exact,exact,exact,recovered,recovered,recovered
domain_taxonomy_v1,childcare,C03,domain,no,actors,childcare administrator,none,none,none,none,none,missed,missed,missed
domain_taxonomy_v1,childcare,C03,domain,no,actors,childcare teacher,none,none,none,none,none,missed,missed,missed
domain_taxonomy_v1,childcare,C03,domain,no,systems,childcare messaging app,none,field,exact,exact,exact,recovered,recovered,recovered
domain_taxonomy_v1,childcare,C03,domain,no,systems,notice checklist,none,none,none,none,none,missed,missed,missed
domain_taxonomy_v1,childcare,C03,domain,no,systems,shared family calendar,none,field,exact,exact,exact,recovered,recovered,recovered
domain_taxonomy_v1,childcare,C03,domain,no,systems,response archive,none,none,none,none,none,missed,missed,missed
domain_taxonomy_v1,childcare,C03,domain,no,inputs,provider notice,none,field,field,none,none,dropped,dropped,missed
domain_taxonomy_v1,childcare,C03,domain,no,inputs,response deadline,none,exact,field,exact,exact,recovered,recovered,unsupported
domain_taxonomy_v1,childcare,C03,domain,no,inputs,household schedule,none,field,exact,exact,scatter,recovered,recovered,recovered
domain_taxonomy_v1,childcare,C03,domain,no,inputs,required item details,none,field,scatter,field,none,recovered,unsupported,missed
domain_taxonomy_v1,childcare,C03,domain,no,outputs,classified notice,none,none,none,exact,none,unsupported,unsupported,unsupported
domain_taxonomy_v1,childcare,C03,domain,no,outputs,submitted response,none,none,field,field,none,recovered,recovered,missed
domain_taxonomy_v1,childcare,C03,domain,no,outputs,calendar entry,none,none,none,exact,none,unsupported,unsupported,unsupported
domain_taxonomy_v1,childcare,C03,domain,no,outputs,preparation reminder,none,none,exact,exact,exact,recovered,recovered,recovered
domain_taxonomy_v1,childcare,C03,domain,no,decisions,Does the notice require an explicit response?,none,scatter,exact,exact,field,recovered,recovered,recovered
domain_taxonomy_v1,childcare,C03,domain,no,decisions,Are the event details complete and compatible with the schedule?,none,scatter,field,scatter,none,recovered,dropped,missed
domain_taxonomy_v1,childcare,C03,domain,no,exceptions,ambiguous notice,none,none,none,exact,field,unsupported,unsupported,unsupported
domain_taxonomy_v1,childcare,C03,domain,no,exceptions,schedule conflict,none,none,none,exact,none,unsupported,unsupported,unsupported
domain_taxonomy_v1,childcare,C03,domain,no,exceptions,response receipt missing,none,none,exact,exact,none,recovered,recovered,recovered
domain_taxonomy_v1,childcare,C03,domain,no,exceptions,preparation task unassigned,none,none,exact,exact,field,recovered,recovered,recovered
domain_taxonomy_v1,childcare,C03,domain,no,automation_targets,A2: Identify response and preparation requirements,none,scatter,field,scatter,scatter,recovered,dropped,missed
domain_taxonomy_v1,childcare,C03,domain,no,automation_targets,A7: Add the event and item deadline to the calendar,none,field,field,field,scatter,recovered,recovered,missed
domain_taxonomy_v1,childcare,C03,domain,no,automation_targets,A8: Check that the preparation reminder is assigned,none,scatter,field,field,field,recovered,recovered,missed
domain_taxonomy_v1,childcare,C04,domain,no,activities,Check the outing time and venue information,none,scatter,field,field,scatter,recovered,recovered,missed
domain_taxonomy_v1,childcare,C04,domain,no,activities,Confirm who will accompany the child,none,scatter,field,scatter,none,recovered,dropped,missed
domain_taxonomy_v1,childcare,C04,domain,no,activities,Prepare the outing checklist,none,scatter,field,field,field,recovered,recovered,missed
domain_taxonomy_v1,childcare,C04,domain,no,activities,Check reusable items against the inventory,none,none,field,field,scatter,recovered,recovered,missed
domain_taxonomy_v1,childcare,C04,domain,no,activities,Pack and confirm needed items,none,field,field,field,scatter,recovered,recovered,missed
domain_taxonomy_v1,childcare,C04,domain,no,activities,Resolve missing items or change the outing plan,none,scatter,exact,scatter,scatter,recovered,dropped,dropped
domain_taxonomy_v1,childcare,C04,domain,no,activities,Notify accompanying caregivers of plan changes,none,none,field,field,scatter,recovered,recovered,missed
domain_taxonomy_v1,childcare,C04,domain,no,activities,Record used items and restock the bag after returning,none,none,field,scatter,scatter,recovered,dropped,missed
domain_taxonomy_v1,childcare,C04,domain,no,actors,mother,none,none,none,none,none,missed,missed,missed
domain_taxonomy_v1,childcare,C04,domain,no,actors,partner,none,none,exact,exact,none,recovered,recovered,recovered
domain_taxonomy_v1,childcare,C04,domain,no,actors,accompanying caregiver,none,none,exact,exact,exact,recovered,recovered,recovered
domain_taxonomy_v1,childcare,C04,domain,no,actors,venue contact,none,none,exact,exact,exact,recovered,recovered,recovered
domain_taxonomy_v1,childcare,C04,domain,no,systems,shared family calendar,none,none,none,field,none,unsupported,unsupported,missed
domain_taxonomy_v1,childcare,C04,domain,no,systems,outing checklist,none,scatter,exact,exact,exact,recovered,recovered,recovered
domain_taxonomy_v1,childcare,C04,domain,no,systems,venue information page,none,none,field,field,field,recovered,recovered,missed
domain_taxonomy_v1,childcare,C04,domain,no,systems,household inventory list,none,none,exact,exact,exact,recovered,recovered,recovered
domain_taxonomy_v1,childcare,C04,domain,no,inputs,outing time,none,field,exact,exact,none,recovered,recovered,recovered
domain_taxonomy_v1,childcare,C04,domain,no,inputs,venue information,none,none,exact,exact,exact,recovered,recovered,recovered
domain_taxonomy_v1,childcare,C04,domain,no,inputs,attendee availability,none,none,exact,exact,none,recovered,recovered,recovered
domain_taxonomy_v1,childcare,C04,domain,no,inputs,reusable item inventory,none,none,field,field,scatter,recovered,recovered,missed
domain_taxonomy_v1,childcare,C04,domain,no,outputs,confirmed outing plan,none,scatter,field,exact,field,recovered,recovered,unsupported
domain_taxonomy_v1,childcare,C04,domain,no,outputs,packed items list,none,field,field,field,field,recovered,recovered,missed
domain_taxonomy_v1,childcare,C04,domain,no,outputs,change notification,none,none,none,field,none,unsupported,unsupported,missed
domain_taxonomy_v1,childcare,C04,domain,no,outputs,restocked bag,none,none,none,exact,none,unsupported,unsupported,unsupported
domain_taxonomy_v1,childcare,C04,domain,no,decisions,Are the venue plan and accompanying caregiver confirmed?,none,none,field,field,scatter,recovered,recovered,missed
domain_taxonomy_v1,childcare,C04,domain,no,decisions,Are required items available?,none,none,field,field,none,recovered,recovered,missed
domain_taxonomy_v1,childcare,C04,domain,no,exceptions,venue plan changes,none,none,exact,exact,scatter,recovered,recovered,recovered
domain_taxonomy_v1,childcare,C04,domain,no,exceptions,accompanying caregiver unavailable,none,none,field,field,field,recovered,recovered,missed
domain_taxonomy_v1,childcare,C04,domain,no,exceptions,required item missing,none,none,field,field,none,recovered,recovered,missed
domain_taxonomy_v1,childcare,C04,domain,no,exceptions,used items not restocked,none,none,field,scatter,scatter,recovered,dropped,missed
domain_taxonomy_v1,childcare,C04,domain,no,automation_targets,A3: Prepare the outing checklist,none,scatter,field,scatter,field,recovered,dropped,missed
domain_taxonomy_v1,childcare,C04,domain,no,automation_targets,A7: Notify accompanying caregivers of plan changes,none,none,field,field,scatter,recovered,recovered,missed
domain_taxonomy_v1,childcare,C04,domain,no,automation_targets,A8: Record used items and restock the bag after returning,none,none,field,scatter,scatter,recovered,dropped,missed
domain_taxonomy_v1,childcare,C05,domain,no,activities,Collect adult availability for the coming week,none,none,scatter,scatter,scatter,recovered,missed,missed
domain_taxonomy_v1,childcare,C05,domain,no,activities,List care periods outside childcare hours,none,none,none,scatter,none,unsupported,missed,missed
domain_taxonomy_v1,childcare,C05,domain,no,activities,Match each care period with an available adult,none,none,scatter,scatter,field,recovered,missed,missed
domain_taxonomy_v1,childcare,C05,domain,no,activities,Request explicit acceptance from assigned caregivers,none,none,scatter,field,none,recovered,unsupported,missed
domain_taxonomy_v1,childcare,C05,domain,no,activities,Find a replacement for an uncovered period,none,none,field,field,field,recovered,recovered,missed
domain_taxonomy_v1,childcare,C05,domain,no,activities,Publish the agreed schedule in the shared calendar,none,none,field,field,none,recovered,recovered,missed
domain_taxonomy_v1,childcare,C05,domain,no,activities,Notify affected caregivers of any later change,none,none,field,field,none,recovered,recovered,missed
domain_taxonomy_v1,childcare,C05,domain,no,activities,Record acknowledgment of the revised assignment,none,none,field,field,none,recovered,recovered,missed
domain_taxonomy_v1,childcare,C05,domain,no,actors,mother,none,none,exact,exact,exact,recovered,recovered,recovered
domain_taxonomy_v1,childcare,C05,domain,no,actors,partner,none,none,exact,exact,none,recovered,recovered,recovered
domain_taxonomy_v1,childcare,C05,domain,no,actors,grandparent,none,none,exact,exact,none,recovered,recovered,recovered
domain_taxonomy_v1,childcare,C05,domain,no,actors,backup caregiver,none,exact,exact,exact,exact,recovered,recovered,recovered
domain_taxonomy_v1,childcare,C05,domain,no,systems,shared family calendar,none,none,exact,exact,none,recovered,recovered,recovered
domain_taxonomy_v1,childcare,C05,domain,no,systems,care availability form,none,none,exact,exact,exact,recovered,recovered,recovered
domain_taxonomy_v1,childcare,C05,domain,no,systems,family messaging app,none,none,exact,exact,none,recovered,recovered,recovered
domain_taxonomy_v1,childcare,C05,domain,no,systems,care assignment table,none,none,exact,exact,field,recovered,recovered,recovered
domain_taxonomy_v1,childcare,C05,domain,no,inputs,childcare hours,none,none,none,none,none,missed,missed,missed
domain_taxonomy_v1,childcare,C05,domain,no,inputs,adult availability,none,none,scatter,scatter,scatter,recovered,missed,missed
domain_taxonomy_v1,childcare,C05,domain,no,inputs,work commitments,none,none,none,none,none,missed,missed,missed
domain_taxonomy_v1,childcare,C05,domain,no,inputs,backup availability,none,none,field,scatter,scatter,recovered,dropped,missed
domain_taxonomy_v1,childcare,C05,domain,no,outputs,weekly care plan,none,field,none,field,none,unsupported,unsupported,missed
domain_taxonomy_v1,childcare,C05,domain,no,outputs,accepted assignments,none,none,none,scatter,none,unsupported,missed,missed
domain_taxonomy_v1,childcare,C05,domain,no,outputs,updated calendar,none,none,none,scatter,none,unsupported,missed,missed
domain_taxonomy_v1,childcare,C05,domain,no,outputs,change acknowledgment,none,none,none,none,none,missed,missed,missed
domain_taxonomy_v1,childcare,C05,domain,no,decisions,Is every required care period assigned to an available adult?,none,none,scatter,scatter,none,recovered,missed,missed
domain_taxonomy_v1,childcare,C05,domain,no,decisions,Has the assigned caregiver accepted the period?,none,none,field,field,scatter,recovered,recovered,missed
domain_taxonomy_v1,childcare,C05,domain,no,exceptions,uncovered care period,none,none,exact,exact,field,recovered,recovered,recovered
domain_taxonomy_v1,childcare,C05,domain,no,exceptions,overlapping adult commitments,none,none,none,none,none,missed,missed,missed
domain_taxonomy_v1,childcare,C05,domain,no,exceptions,assignment not accepted,none,none,field,scatter,field,recovered,dropped,missed
domain_taxonomy_v1,childcare,C05,domain,no,exceptions,last-minute caregiver cancellation,none,none,scatter,none,none,dropped,missed,missed
domain_taxonomy_v1,childcare,C05,domain,no,automation_targets,A2: List care periods outside childcare hours,none,none,none,none,none,missed,missed,missed
domain_taxonomy_v1,childcare,C05,domain,no,automation_targets,A3: Match each care period with an available adult,none,none,scatter,scatter,field,recovered,missed,missed
domain_taxonomy_v1,childcare,C05,domain,no,automation_targets,A8: Record acknowledgment of the revised assignment,none,none,field,field,none,recovered,recovered,missed
domain_taxonomy_v1,childcare,C06,domain,no,activities,Count the available household supplies,none,none,field,field,none,recovered,recovered,missed
domain_taxonomy_v1,childcare,C06,domain,no,activities,Compare counts with household reorder thresholds,none,none,field,field,none,recovered,recovered,missed
domain_taxonomy_v1,childcare,C06,domain,no,activities,Check proposed items against the approved product list,none,none,scatter,scatter,none,recovered,missed,missed
domain_taxonomy_v1,childcare,C06,domain,no,activities,Review the basket against the spending limit,none,none,field,field,field,recovered,recovered,missed
domain_taxonomy_v1,childcare,C06,domain,no,activities,Resolve unavailable products with a parent,none,none,none,none,none,missed,missed,missed
domain_taxonomy_v1,childcare,C06,domain,no,activities,Place the confirmed order and save confirmation,none,none,field,field,field,recovered,recovered,missed
domain_taxonomy_v1,childcare,C06,domain,no,activities,Check the delivery against the order record,field,scatter,field,field,scatter,carried,carried,missed
domain_taxonomy_v1,childcare,C06,domain,no,activities,Store items and update the inventory count,none,none,field,scatter,none,recovered,dropped,missed
domain_taxonomy_v1,childcare,C06,domain,no,actors,mother,none,none,exact,exact,none,recovered,recovered,recovered
domain_taxonomy_v1,childcare,C06,domain,no,actors,partner,none,none,exact,exact,none,recovered,recovered,recovered
domain_taxonomy_v1,childcare,C06,domain,no,actors,supplier,none,none,none,none,exact,missed,missed,missed
domain_taxonomy_v1,childcare,C06,domain,no,actors,receiving caregiver,none,none,exact,exact,exact,recovered,recovered,recovered
domain_taxonomy_v1,childcare,C06,domain,no,systems,household inventory list,none,none,exact,exact,exact,recovered,recovered,recovered
domain_taxonomy_v1,childcare,C06,domain,no,systems,shopping list,none,none,exact,exact,exact,recovered,recovered,recovered
domain_taxonomy_v1,childcare,C06,domain,no,systems,online shop,none,field,exact,exact,none,recovered,recovered,recovered
domain_taxonomy_v1,childcare,C06,domain,no,systems,order record,none,field,exact,exact,exact,recovered,recovered,recovered
domain_taxonomy_v1,childcare,C06,domain,no,inputs,physical stock count,none,scatter,exact,exact,none,recovered,recovered,recovered
domain_taxonomy_v1,childcare,C06,domain,no,inputs,household reorder threshold,none,none,field,field,field,recovered,recovered,missed
domain_taxonomy_v1,childcare,C06,domain,no,inputs,approved product list,none,none,scatter,scatter,scatter,recovered,missed,missed
domain_taxonomy_v1,childcare,C06,domain,no,inputs,spending limit,none,none,none,exact,field,unsupported,unsupported,unsupported
domain_taxonomy_v1,childcare,C06,domain,no,outputs,verified inventory,none,none,none,scatter,none,unsupported,missed,missed
domain_taxonomy_v1,childcare,C06,domain,no,outputs,approved shopping list,none,none,field,field,field,recovered,recovered,missed
domain_taxonomy_v1,childcare,C06,domain,no,outputs,order confirmation,none,none,exact,exact,exact,recovered,recovered,recovered
domain_taxonomy_v1,childcare,C06,domain,no,outputs,receipt and stock update,none,none,field,scatter,none,recovered,dropped,missed
domain_taxonomy_v1,childcare,C06,domain,no,decisions,Is the stock below the household reorder threshold?,none,none,field,field,scatter,recovered,recovered,missed
domain_taxonomy_v1,childcare,C06,domain,no,decisions,Does the basket meet product and spending constraints?,none,none,field,field,field,recovered,recovered,missed
domain_taxonomy_v1,childcare,C06,domain,no,exceptions,inventory count outdated,none,none,field,field,none,recovered,recovered,missed
domain_taxonomy_v1,childcare,C06,domain,no,exceptions,approved product unavailable,none,none,none,none,none,missed,missed,missed
domain_taxonomy_v1,childcare,C06,domain,no,exceptions,basket exceeds spending limit,none,none,none,field,field,unsupported,unsupported,missed
domain_taxonomy_v1,childcare,C06,domain,no,exceptions,delivery differs from order,none,none,exact,exact,none,recovered,recovered,recovered
domain_taxonomy_v1,childcare,C06,domain,no,automation_targets,A2: Compare counts with household reorder thresholds,none,none,field,scatter,none,recovered,dropped,missed
domain_taxonomy_v1,childcare,C06,domain,no,automation_targets,A4: Review the basket against the spending limit,none,none,field,field,field,recovered,recovered,missed
domain_taxonomy_v1,childcare,C06,domain,no,automation_targets,A8: Store items and update the inventory count,none,none,field,scatter,none,recovered,dropped,missed
domain_taxonomy_v1,childcare,C07,domain,no,activities,List the unfinished household care tasks,none,scatter,field,field,none,recovered,recovered,missed
domain_taxonomy_v1,childcare,C07,domain,no,activities,Review the next-day schedule,field,field,field,field,field,carried,carried,missed
domain_taxonomy_v1,childcare,C07,domain,no,activities,Share relevant caregiver notes with the incoming caregiver,none,scatter,field,field,none,recovered,recovered,missed
domain_taxonomy_v1,childcare,C07,domain,no,activities,Confirm who accepts each remaining task,none,none,scatter,none,none,dropped,missed,missed
domain_taxonomy_v1,childcare,C07,domain,no,activities,Clarify conflicting or missing task information,none,none,field,exact,none,recovered,recovered,unsupported
domain_taxonomy_v1,childcare,C07,domain,no,activities,Prepare items needed for the next day,none,field,field,field,scatter,recovered,recovered,missed
domain_taxonomy_v1,childcare,C07,domain,no,activities,Mark completed preparation tasks in the checklist,none,none,field,field,none,recovered,recovered,missed
domain_taxonomy_v1,childcare,C07,domain,no,activities,Confirm unresolved tasks with the next-day caregiver,none,scatter,field,field,scatter,recovered,recovered,missed
domain_taxonomy_v1,childcare,C07,domain,no,actors,mother,none,none,none,none,none,missed,missed,missed
domain_taxonomy_v1,childcare,C07,domain,no,actors,partner,none,none,exact,exact,none,recovered,recovered,recovered
domain_taxonomy_v1,childcare,C07,domain,no,actors,grandparent,none,none,none,none,none,missed,missed,missed
domain_taxonomy_v1,childcare,C07,domain,no,actors,next-day caregiver,field,field,field,field,field,carried,carried,missed
domain_taxonomy_v1,childcare,C07,domain,no,systems,family handover log,none,field,exact,exact,field,recovered,recovered,recovered
domain_taxonomy_v1,childcare,C07,domain,no,systems,evening task checklist,none,field,exact,exact,scatter,recovered,recovered,recovered
domain_taxonomy_v1,childcare,C07,domain,no,systems,shared family calendar,none,scatter,exact,exact,none,recovered,recovered,recovered
domain_taxonomy_v1,childcare,C07,domain,no,systems,family messaging app,none,field,exact,exact,none,recovered,recovered,recovered
domain_taxonomy_v1,childcare,C07,domain,no,inputs,unfinished task list,none,scatter,field,exact,none,recovered,recovered,unsupported
domain_taxonomy_v1,childcare,C07,domain,no,inputs,next-day schedule,field,field,exact,exact,field,carried,carried,recovered
domain_taxonomy_v1,childcare,C07,domain,no,inputs,caregiver availability,none,none,field,none,none,dropped,dropped,missed
domain_taxonomy_v1,childcare,C07,domain,no,inputs,caregiver notes,none,scatter,exact,exact,none,recovered,recovered,recovered
domain_taxonomy_v1,childcare,C07,domain,no,outputs,acknowledged handover,none,none,scatter,field,exact,recovered,unsupported,missed
domain_taxonomy_v1,childcare,C07,domain,no,outputs,assigned remaining tasks,none,none,field,scatter,field,recovered,dropped,missed
domain_taxonomy_v1,childcare,C07,domain,no,outputs,prepared next-day items,none,field,field,field,field,recovered,recovered,missed
domain_taxonomy_v1,childcare,C07,domain,no,outputs,updated handover log,none,none,field,field,field,recovered,recovered,missed
domain_taxonomy_v1,childcare,C07,domain,no,decisions,Has the incoming caregiver acknowledged the remaining tasks?,none,scatter,field,field,scatter,recovered,recovered,missed
domain_taxonomy_v1,childcare,C07,domain,no,decisions,Are next-day items and task owners confirmed?,none,scatter,field,field,field,recovered,recovered,missed
domain_taxonomy_v1,childcare,C07,domain,no,exceptions,handover note missing,none,field,field,field,none,recovered,recovered,missed
domain_taxonomy_v1,childcare,C07,domain,no,exceptions,conflicting task information,none,scatter,field,field,none,recovered,recovered,missed
domain_taxonomy_v1,childcare,C07,domain,no,exceptions,incoming caregiver unavailable,none,field,field,exact,field,recovered,recovered,unsupported
domain_taxonomy_v1,childcare,C07,domain,no,exceptions,next-day preparation incomplete,none,none,field,scatter,field,recovered,dropped,missed
domain_taxonomy_v1,childcare,C07,domain,no,automation_targets,A1: List the unfinished household care tasks,none,scatter,field,field,none,recovered,recovered,missed
domain_taxonomy_v1,childcare,C07,domain,no,automation_targets,A6: Prepare items needed for the next day,none,field,field,scatter,scatter,recovered,dropped,missed
domain_taxonomy_v1,childcare,C07,domain,no,automation_targets,A8: Confirm unresolved tasks with the next-day caregiver,none,scatter,field,field,scatter,recovered,recovered,missed
domain_taxonomy_v1,childcare,C08,domain,no,activities,Collect the activity schedule and participation requirements,none,none,field,field,scatter,recovered,recovered,missed
domain_taxonomy_v1,childcare,C08,domain,no,activities,Check household and transport caregiver availability,none,scatter,field,exact,scatter,recovered,recovered,unsupported
domain_taxonomy_v1,childcare,C08,domain,no,activities,Compare the activity cost with the spending limit,none,none,field,field,scatter,recovered,recovered,missed
domain_taxonomy_v1,childcare,C08,domain,no,activities,Confirm the participation decision with the partner,none,none,field,field,scatter,recovered,recovered,missed
domain_taxonomy_v1,childcare,C08,domain,no,activities,Submit the approved registration request,none,none,field,field,none,recovered,recovered,missed
domain_taxonomy_v1,childcare,C08,domain,no,activities,Save provider confirmation before marking enrollment complete,none,none,scatter,scatter,none,recovered,missed,missed
domain_taxonomy_v1,childcare,C08,domain,no,activities,Assign transport and add the activity to the calendar,field,field,field,field,scatter,carried,carried,missed
domain_taxonomy_v1,childcare,C08,domain,no,activities,Confirm revised arrangements after a provider schedule change,none,scatter,field,scatter,scatter,recovered,dropped,missed
domain_taxonomy_v1,childcare,C08,domain,no,actors,mother,none,none,exact,exact,none,recovered,recovered,recovered
domain_taxonomy_v1,childcare,C08,domain,no,actors,partner,none,none,exact,exact,exact,recovered,recovered,recovered
domain_taxonomy_v1,childcare,C08,domain,no,actors,activity provider,field,field,field,field,scatter,carried,carried,missed
domain_taxonomy_v1,childcare,C08,domain,no,actors,transport caregiver,none,none,exact,exact,none,recovered,recovered,recovered
domain_taxonomy_v1,childcare,C08,domain,no,systems,provider registration page,none,field,exact,exact,scatter,recovered,recovered,recovered
domain_taxonomy_v1,childcare,C08,domain,no,systems,shared family calendar,none,field,exact,exact,exact,recovered,recovered,recovered
domain_taxonomy_v1,childcare,C08,domain,no,systems,registration receipt folder,none,none,exact,exact,exact,recovered,recovered,recovered
domain_taxonomy_v1,childcare,C08,domain,no,systems,family messaging app,none,field,exact,exact,field,recovered,recovered,recovered
domain_taxonomy_v1,childcare,C08,domain,no,inputs,activity schedule,field,field,scatter,exact,field,carried,carried,unsupported
domain_taxonomy_v1,childcare,C08,domain,no,inputs,household availability,none,none,field,field,none,recovered,recovered,missed
domain_taxonomy_v1,childcare,C08,domain,no,inputs,provider participation requirements,none,none,field,field,scatter,recovered,recovered,missed
domain_taxonomy_v1,childcare,C08,domain,no,inputs,household spending limit,none,none,exact,exact,scatter,recovered,recovered,recovered
domain_taxonomy_v1,childcare,C08,domain,no,outputs,participation decision,none,none,exact,exact,none,recovered,recovered,recovered
domain_taxonomy_v1,childcare,C08,domain,no,outputs,registration confirmation,none,scatter,field,field,scatter,recovered,recovered,missed
domain_taxonomy_v1,childcare,C08,domain,no,outputs,transport assignment,none,none,none,exact,exact,unsupported,unsupported,unsupported
domain_taxonomy_v1,childcare,C08,domain,no,outputs,updated calendar notice,none,none,none,field,none,unsupported,unsupported,missed
domain_taxonomy_v1,childcare,C08,domain,no,decisions,Do schedule and cost fit the household's agreed constraints?,none,scatter,field,scatter,none,recovered,dropped,missed
domain_taxonomy_v1,childcare,C08,domain,no,decisions,Has the provider confirmed enrollment or the revised schedule?,none,field,field,field,scatter,recovered,recovered,missed
domain_taxonomy_v1,childcare,C08,domain,no,exceptions,activity fully booked,none,none,none,scatter,none,unsupported,missed,missed
domain_taxonomy_v1,childcare,C08,domain,no,exceptions,registration confirmation missing,none,scatter,field,field,scatter,recovered,recovered,missed
domain_taxonomy_v1,childcare,C08,domain,no,exceptions,transport caregiver unavailable,none,none,field,field,none,recovered,recovered,missed
domain_taxonomy_v1,childcare,C08,domain,no,exceptions,provider schedule change,field,field,exact,exact,exact,carried,carried,recovered
domain_taxonomy_v1,childcare,C08,domain,no,automation_targets,A2: Check household and transport caregiver availability,none,scatter,field,scatter,scatter,recovered,dropped,missed
domain_taxonomy_v1,childcare,C08,domain,no,automation_targets,A6: Save provider confirmation before marking enrollment complete,none,none,scatter,none,none,dropped,missed,missed
domain_taxonomy_v1,childcare,C08,domain,no,automation_targets,A8: Confirm revised arrangements after a provider schedule change,none,scatter,field,scatter,scatter,recovered,dropped,missed
domain_taxonomy_v1,semiconductor_work,S01,generic,yes,activities,Review test request and conditions,none,none,field,exact,field,recovered,recovered,unsupported
domain_taxonomy_v1,semiconductor_work,S01,generic,yes,activities,Prepare evaluation setup,field,scatter,field,exact,field,carried,carried,unsupported
domain_taxonomy_v1,semiconductor_work,S01,generic,yes,activities,Run verification test,field,field,field,exact,field,carried,carried,unsupported
domain_taxonomy_v1,semiconductor_work,S01,generic,yes,activities,Collect result files,none,none,field,field,none,recovered,recovered,missed
domain_taxonomy_v1,semiconductor_work,S01,generic,yes,activities,Check result validity,field,none,field,exact,none,carried,carried,unsupported
domain_taxonomy_v1,semiconductor_work,S01,generic,yes,activities,Summarize findings in report,none,none,none,none,none,missed,missed,missed
domain_taxonomy_v1,semiconductor_work,S01,generic,yes,activities,Share report for review,none,scatter,field,field,scatter,recovered,recovered,missed
domain_taxonomy_v1,semiconductor_work,S01,generic,yes,activities,Review report and request clarification if needed,none,none,field,scatter,field,recovered,dropped,missed
domain_taxonomy_v1,semiconductor_work,S01,generic,yes,actors,verification engineer,field,field,exact,exact,exact,carried,carried,recovered
domain_taxonomy_v1,semiconductor_work,S01,generic,yes,actors,review engineer,none,none,exact,exact,exact,recovered,recovered,recovered
domain_taxonomy_v1,semiconductor_work,S01,generic,yes,actors,project owner,none,none,exact,exact,exact,recovered,recovered,recovered
domain_taxonomy_v1,semiconductor_work,S01,generic,yes,systems,test execution tool,none,none,scatter,field,field,recovered,unsupported,missed
domain_taxonomy_v1,semiconductor_work,S01,generic,yes,systems,result repository,none,none,exact,exact,none,recovered,recovered,recovered
domain_taxonomy_v1,semiconductor_work,S01,generic,yes,systems,report template,none,field,exact,exact,none,recovered,recovered,recovered
domain_taxonomy_v1,semiconductor_work,S01,generic,yes,systems,email or collaboration tool,none,none,exact,exact,none,recovered,recovered,recovered
domain_taxonomy_v1,semiconductor_work,S01,generic,yes,inputs,test request,none,none,exact,exact,exact,recovered,recovered,recovered
domain_taxonomy_v1,semiconductor_work,S01,generic,yes,inputs,test condition,none,field,exact,exact,none,recovered,recovered,recovered
domain_taxonomy_v1,semiconductor_work,S01,generic,yes,inputs,sample identifier,none,none,exact,exact,none,recovered,recovered,recovered
domain_taxonomy_v1,semiconductor_work,S01,generic,yes,inputs,evaluation setup guide,none,scatter,exact,exact,field,recovered,recovered,recovered
domain_taxonomy_v1,semiconductor_work,S01,generic,yes,outputs,test result files,field,scatter,field,field,field,carried,carried,missed
domain_taxonomy_v1,semiconductor_work,S01,generic,yes,outputs,summary report,none,none,exact,exact,none,recovered,recovered,recovered
domain_taxonomy_v1,semiconductor_work,S01,generic,yes,outputs,issue list,none,none,exact,exact,exact,recovered,recovered,recovered
domain_taxonomy_v1,semiconductor_work,S01,generic,yes,outputs,review notification,none,none,exact,exact,none,recovered,recovered,recovered
domain_taxonomy_v1,semiconductor_work,S01,generic,yes,decisions,Are the result files complete and readable?,none,none,field,field,none,recovered,recovered,missed
domain_taxonomy_v1,semiconductor_work,S01,generic,yes,decisions,Do the results contain abnormal patterns?,none,none,field,field,field,recovered,recovered,missed
domain_taxonomy_v1,semiconductor_work,S01,generic,yes,exceptions,missing setup information,none,scatter,scatter,scatter,scatter,recovered,missed,missed
domain_taxonomy_v1,semiconductor_work,S01,generic,yes,exceptions,test execution failure,none,none,none,field,none,unsupported,unsupported,missed
domain_taxonomy_v1,semiconductor_work,S01,generic,yes,exceptions,incomplete result files,none,none,field,field,none,recovered,recovered,missed
domain_taxonomy_v1,semiconductor_work,S01,generic,yes,exceptions,unclear abnormal pattern,none,none,exact,exact,exact,recovered,recovered,recovered
domain_taxonomy_v1,semiconductor_work,S01,generic,yes,automation_targets,A4: Collect result files,none,none,field,field,none,recovered,recovered,missed
domain_taxonomy_v1,semiconductor_work,S01,generic,yes,automation_targets,A5: Check result validity,field,none,field,field,none,carried,carried,missed
domain_taxonomy_v1,semiconductor_work,S01,generic,yes,automation_targets,A6: Summarize findings in report,none,none,none,none,none,missed,missed,missed
domain_taxonomy_v1,semiconductor_work,S02,generic,yes,activities,Confirm measurement request and wafer identifier,none,none,field,field,scatter,recovered,recovered,missed
domain_taxonomy_v1,semiconductor_work,S02,generic,yes,activities,Select suitable measurement equipment,none,none,field,field,none,recovered,recovered,missed
domain_taxonomy_v1,semiconductor_work,S02,generic,yes,activities,Check equipment availability and reserve slot,none,none,field,exact,none,recovered,recovered,unsupported
domain_taxonomy_v1,semiconductor_work,S02,generic,yes,activities,Prepare wafer according to equipment procedure,none,none,field,field,none,recovered,recovered,missed
domain_taxonomy_v1,semiconductor_work,S02,generic,yes,activities,Run measurement recipe,none,none,field,exact,none,recovered,recovered,unsupported
domain_taxonomy_v1,semiconductor_work,S02,generic,yes,activities,Validate measurement output,none,field,field,exact,field,recovered,recovered,unsupported
domain_taxonomy_v1,semiconductor_work,S02,generic,yes,activities,Upload result and notify requester,none,none,field,scatter,none,recovered,dropped,missed
domain_taxonomy_v1,semiconductor_work,S02,generic,yes,actors,measurement engineer,field,field,exact,exact,field,carried,carried,recovered
domain_taxonomy_v1,semiconductor_work,S02,generic,yes,actors,equipment owner,none,none,exact,none,exact,dropped,dropped,dropped
domain_taxonomy_v1,semiconductor_work,S02,generic,yes,actors,requester,none,none,exact,exact,none,recovered,recovered,recovered
domain_taxonomy_v1,semiconductor_work,S02,generic,yes,systems,measurement equipment,none,none,field,exact,scatter,recovered,recovered,unsupported
domain_taxonomy_v1,semiconductor_work,S02,generic,yes,systems,equipment reservation system,none,none,exact,exact,exact,recovered,recovered,recovered
domain_taxonomy_v1,semiconductor_work,S02,generic,yes,systems,measurement result repository,field,field,exact,exact,field,carried,carried,recovered
domain_taxonomy_v1,semiconductor_work,S02,generic,yes,inputs,measurement request,none,none,exact,exact,exact,recovered,recovered,recovered
domain_taxonomy_v1,semiconductor_work,S02,generic,yes,inputs,wafer identifier,none,none,exact,exact,none,recovered,recovered,recovered
domain_taxonomy_v1,semiconductor_work,S02,generic,yes,inputs,measurement recipe,none,none,exact,exact,none,recovered,recovered,recovered
domain_taxonomy_v1,semiconductor_work,S02,generic,yes,inputs,equipment availability,none,none,exact,exact,none,recovered,recovered,recovered
domain_taxonomy_v1,semiconductor_work,S02,generic,yes,outputs,measurement result,field,exact,exact,exact,exact,carried,carried,recovered
domain_taxonomy_v1,semiconductor_work,S02,generic,yes,outputs,equipment usage record,none,none,exact,exact,scatter,recovered,recovered,recovered
domain_taxonomy_v1,semiconductor_work,S02,generic,yes,outputs,request completion notice,none,none,exact,exact,scatter,recovered,recovered,recovered
domain_taxonomy_v1,semiconductor_work,S02,generic,yes,decisions,Which equipment is required for the requested measurement?,none,none,scatter,scatter,none,recovered,missed,missed
domain_taxonomy_v1,semiconductor_work,S02,generic,yes,decisions,Is the equipment available and qualified?,none,none,field,field,field,recovered,recovered,missed
domain_taxonomy_v1,semiconductor_work,S02,generic,yes,decisions,Is the measurement output valid?,none,field,field,exact,field,recovered,recovered,unsupported
domain_taxonomy_v1,semiconductor_work,S02,generic,yes,exceptions,equipment unavailable,none,none,none,exact,none,unsupported,unsupported,unsupported
domain_taxonomy_v1,semiconductor_work,S02,generic,yes,exceptions,wafer information mismatch,none,none,none,scatter,none,unsupported,missed,missed
domain_taxonomy_v1,semiconductor_work,S02,generic,yes,exceptions,recipe not approved,none,none,field,scatter,none,recovered,dropped,missed
domain_taxonomy_v1,semiconductor_work,S02,generic,yes,exceptions,invalid measurement output,none,field,exact,exact,field,recovered,recovered,recovered
domain_taxonomy_v1,semiconductor_work,S02,generic,yes,automation_targets,A2: Select suitable measurement equipment,none,none,field,field,none,recovered,recovered,missed
domain_taxonomy_v1,semiconductor_work,S02,generic,yes,automation_targets,A3: Check equipment availability and reserve slot,none,none,field,field,none,recovered,recovered,missed
domain_taxonomy_v1,semiconductor_work,S02,generic,yes,automation_targets,A6: Validate measurement output,none,field,field,field,field,recovered,recovered,missed
domain_taxonomy_v1,semiconductor_work,S03,generic,yes,activities,Identify required sample and evaluation purpose,none,scatter,field,exact,none,recovered,recovered,unsupported
domain_taxonomy_v1,semiconductor_work,S03,generic,yes,activities,Submit sample transfer request,none,field,field,field,field,recovered,recovered,missed
domain_taxonomy_v1,semiconductor_work,S03,generic,yes,activities,Approve transfer request,none,field,field,field,field,recovered,recovered,missed
domain_taxonomy_v1,semiconductor_work,S03,generic,yes,activities,Physically confirm sample,none,none,field,field,none,recovered,recovered,missed
domain_taxonomy_v1,semiconductor_work,S03,generic,yes,activities,Move sample to target location,none,none,scatter,scatter,none,recovered,missed,missed
domain_taxonomy_v1,semiconductor_work,S03,generic,yes,activities,Update sample status after evaluation,field,field,field,exact,field,carried,carried,unsupported
domain_taxonomy_v1,semiconductor_work,S03,generic,yes,activities,Submit disposal request for completed sample,none,field,field,scatter,scatter,recovered,dropped,missed
domain_taxonomy_v1,semiconductor_work,S03,generic,yes,activities,Approve and record disposal,none,field,field,field,none,recovered,recovered,missed
domain_taxonomy_v1,semiconductor_work,S03,generic,yes,actors,sample requester,none,none,exact,exact,none,recovered,recovered,recovered
domain_taxonomy_v1,semiconductor_work,S03,generic,yes,actors,sample manager,none,none,exact,exact,none,recovered,recovered,recovered
domain_taxonomy_v1,semiconductor_work,S03,generic,yes,actors,verification engineer,none,none,exact,exact,none,recovered,recovered,recovered
domain_taxonomy_v1,semiconductor_work,S03,generic,yes,actors,approver,none,none,exact,exact,none,recovered,recovered,recovered
domain_taxonomy_v1,semiconductor_work,S03,generic,yes,systems,sample tracking sheet,none,none,exact,exact,exact,recovered,recovered,recovered
domain_taxonomy_v1,semiconductor_work,S03,generic,yes,systems,transfer request form,none,field,exact,exact,exact,recovered,recovered,recovered
domain_taxonomy_v1,semiconductor_work,S03,generic,yes,systems,approval system,none,scatter,exact,exact,exact,recovered,recovered,recovered
domain_taxonomy_v1,semiconductor_work,S03,generic,yes,systems,storage location registry,none,none,exact,exact,exact,recovered,recovered,recovered
domain_taxonomy_v1,semiconductor_work,S03,generic,yes,inputs,sample identifier,none,none,exact,exact,exact,recovered,recovered,recovered
domain_taxonomy_v1,semiconductor_work,S03,generic,yes,inputs,evaluation purpose,none,none,exact,exact,none,recovered,recovered,recovered
domain_taxonomy_v1,semiconductor_work,S03,generic,yes,inputs,target location,none,none,none,scatter,none,unsupported,missed,missed
domain_taxonomy_v1,semiconductor_work,S03,generic,yes,inputs,disposal reason,none,none,none,none,none,missed,missed,missed
domain_taxonomy_v1,semiconductor_work,S03,generic,yes,outputs,transfer approval,none,scatter,field,scatter,field,recovered,dropped,missed
domain_taxonomy_v1,semiconductor_work,S03,generic,yes,outputs,updated sample status,none,none,field,exact,scatter,recovered,recovered,unsupported
domain_taxonomy_v1,semiconductor_work,S03,generic,yes,outputs,disposal record,none,field,exact,exact,none,recovered,recovered,recovered
domain_taxonomy_v1,semiconductor_work,S03,generic,yes,outputs,physical confirmation note,none,none,field,field,none,recovered,recovered,missed
domain_taxonomy_v1,semiconductor_work,S03,generic,yes,decisions,Is the sample available and correctly identified?,none,none,none,scatter,none,unsupported,missed,missed
domain_taxonomy_v1,semiconductor_work,S03,generic,yes,decisions,Is disposal allowed after evaluation?,none,field,field,field,none,recovered,recovered,missed
domain_taxonomy_v1,semiconductor_work,S03,generic,yes,exceptions,sample identifier mismatch,none,none,exact,exact,exact,recovered,recovered,recovered
domain_taxonomy_v1,semiconductor_work,S03,generic,yes,exceptions,missing physical sample,none,field,exact,exact,exact,recovered,recovered,recovered
domain_taxonomy_v1,semiconductor_work,S03,generic,yes,exceptions,approval delay,none,none,none,scatter,none,unsupported,missed,missed
domain_taxonomy_v1,semiconductor_work,S03,generic,yes,exceptions,retention requirement,none,none,exact,scatter,scatter,recovered,dropped,dropped
domain_taxonomy_v1,semiconductor_work,S03,generic,yes,automation_targets,A2: Submit sample transfer request,none,field,field,field,field,recovered,recovered,missed
domain_taxonomy_v1,semiconductor_work,S03,generic,yes,automation_targets,A6: Update sample status after evaluation,field,field,field,exact,field,carried,carried,unsupported
domain_taxonomy_v1,semiconductor_work,S03,generic,yes,automation_targets,A7: Submit disposal request for completed sample,none,field,field,scatter,scatter,recovered,dropped,missed
domain_taxonomy_v1,semiconductor_work,S04,generic,yes,activities,Register defect issue with initial evidence,none,none,field,scatter,none,recovered,dropped,missed
domain_taxonomy_v1,semiconductor_work,S04,generic,yes,activities,Classify issue severity and affected scope,none,none,none,scatter,scatter,unsupported,missed,missed
domain_taxonomy_v1,semiconductor_work,S04,generic,yes,activities,Notify related teams and assign owners,none,none,field,exact,none,recovered,recovered,unsupported
domain_taxonomy_v1,semiconductor_work,S04,generic,yes,activities,Define root-cause hypotheses,none,none,field,field,none,recovered,recovered,missed
domain_taxonomy_v1,semiconductor_work,S04,generic,yes,activities,Plan and run follow-up experiment,none,scatter,field,exact,scatter,recovered,recovered,unsupported
domain_taxonomy_v1,semiconductor_work,S04,generic,yes,activities,Review experiment result and select improvement action,none,scatter,field,scatter,field,recovered,dropped,missed
domain_taxonomy_v1,semiconductor_work,S04,generic,yes,activities,Assess customer risk,none,none,field,exact,scatter,recovered,recovered,unsupported
domain_taxonomy_v1,semiconductor_work,S04,generic,yes,activities,Share final report and action items,none,field,field,exact,none,recovered,recovered,unsupported
domain_taxonomy_v1,semiconductor_work,S04,generic,yes,actors,issue owner,none,none,exact,exact,exact,recovered,recovered,recovered
domain_taxonomy_v1,semiconductor_work,S04,generic,yes,actors,process engineer,none,scatter,exact,exact,none,recovered,recovered,recovered
domain_taxonomy_v1,semiconductor_work,S04,generic,yes,actors,quality engineer,none,none,exact,exact,exact,recovered,recovered,recovered
domain_taxonomy_v1,semiconductor_work,S04,generic,yes,actors,customer interface owner,none,none,exact,exact,exact,recovered,recovered,recovered
domain_taxonomy_v1,semiconductor_work,S04,generic,yes,actors,manager,none,none,exact,exact,none,recovered,recovered,recovered
domain_taxonomy_v1,semiconductor_work,S04,generic,yes,systems,issue tracking system,none,none,none,scatter,scatter,unsupported,missed,missed
domain_taxonomy_v1,semiconductor_work,S04,generic,yes,systems,experiment log,none,scatter,none,scatter,none,unsupported,missed,missed
domain_taxonomy_v1,semiconductor_work,S04,generic,yes,systems,risk report template,field,field,exact,exact,exact,carried,carried,recovered
domain_taxonomy_v1,semiconductor_work,S04,generic,yes,systems,collaboration tool,none,none,none,none,none,missed,missed,missed
domain_taxonomy_v1,semiconductor_work,S04,generic,yes,inputs,defect description,none,none,exact,exact,scatter,recovered,recovered,recovered
domain_taxonomy_v1,semiconductor_work,S04,generic,yes,inputs,sample or lot context,none,none,exact,exact,none,recovered,recovered,recovered
domain_taxonomy_v1,semiconductor_work,S04,generic,yes,inputs,initial evidence,none,none,exact,exact,none,recovered,recovered,recovered
domain_taxonomy_v1,semiconductor_work,S04,generic,yes,inputs,customer impact assumption,none,none,field,field,field,recovered,recovered,missed
domain_taxonomy_v1,semiconductor_work,S04,generic,yes,outputs,issue report,field,none,field,scatter,scatter,carried,lost,missed
domain_taxonomy_v1,semiconductor_work,S04,generic,yes,outputs,root-cause hypothesis,none,none,exact,exact,none,recovered,recovered,recovered
domain_taxonomy_v1,semiconductor_work,S04,generic,yes,outputs,experiment plan,none,none,field,field,none,recovered,recovered,missed
domain_taxonomy_v1,semiconductor_work,S04,generic,yes,outputs,improvement action,none,exact,exact,exact,exact,recovered,recovered,recovered
domain_taxonomy_v1,semiconductor_work,S04,generic,yes,outputs,customer risk summary,none,none,exact,exact,scatter,recovered,recovered,recovered
domain_taxonomy_v1,semiconductor_work,S04,generic,yes,decisions,Is the issue customer-impacting?,none,none,field,field,scatter,recovered,recovered,missed
domain_taxonomy_v1,semiconductor_work,S04,generic,yes,decisions,Does the experiment support the root-cause hypothesis?,none,none,field,field,none,recovered,recovered,missed
domain_taxonomy_v1,semiconductor_work,S04,generic,yes,exceptions,insufficient evidence,none,none,none,none,none,missed,missed,missed
domain_taxonomy_v1,semiconductor_work,S04,generic,yes,exceptions,unclear owner,none,none,none,none,scatter,missed,missed,missed
domain_taxonomy_v1,semiconductor_work,S04,generic,yes,exceptions,experiment delay,none,none,none,scatter,none,unsupported,missed,missed
domain_taxonomy_v1,semiconductor_work,S04,generic,yes,exceptions,conflicting root-cause hypotheses,none,none,field,field,none,recovered,recovered,missed
domain_taxonomy_v1,semiconductor_work,S04,generic,yes,automation_targets,A1: Register defect issue with initial evidence,none,none,field,scatter,none,recovered,dropped,missed
domain_taxonomy_v1,semiconductor_work,S04,generic,yes,automation_targets,A3: Notify related teams and assign owners,none,none,field,exact,none,recovered,recovered,unsupported
domain_taxonomy_v1,semiconductor_work,S04,generic,yes,automation_targets,A8: Share final report and action items,none,field,field,field,none,recovered,recovered,missed
domain_taxonomy_v1,semiconductor_work,S05,generic,yes,activities,Collect document and related change list,none,scatter,field,field,field,recovered,recovered,missed
domain_taxonomy_v1,semiconductor_work,S05,generic,yes,activities,Compare feature changes with document content,none,none,field,field,none,recovered,recovered,missed
domain_taxonomy_v1,semiconductor_work,S05,generic,yes,activities,Check terminology and formatting consistency,none,none,field,exact,none,recovered,recovered,unsupported
domain_taxonomy_v1,semiconductor_work,S05,generic,yes,activities,Record comments and requested revisions,none,none,field,field,none,recovered,recovered,missed
domain_taxonomy_v1,semiconductor_work,S05,generic,yes,activities,Revise document based on comments,none,none,field,scatter,none,recovered,dropped,missed
domain_taxonomy_v1,semiconductor_work,S05,generic,yes,activities,Confirm revisions with feature owner,none,none,field,field,field,recovered,recovered,missed
domain_taxonomy_v1,semiconductor_work,S05,generic,yes,activities,Approve final document,none,field,field,field,scatter,recovered,recovered,missed
domain_taxonomy_v1,semiconductor_work,S05,generic,yes,actors,document reviewer,none,field,exact,exact,exact,recovered,recovered,recovered
domain_taxonomy_v1,semiconductor_work,S05,generic,yes,actors,feature owner,none,none,exact,exact,exact,recovered,recovered,recovered
domain_taxonomy_v1,semiconductor_work,S05,generic,yes,actors,document author,none,exact,exact,exact,exact,recovered,recovered,recovered
domain_taxonomy_v1,semiconductor_work,S05,generic,yes,actors,approver,none,exact,exact,exact,exact,recovered,recovered,recovered
domain_taxonomy_v1,semiconductor_work,S05,generic,yes,systems,document repository,none,none,exact,exact,none,recovered,recovered,recovered
domain_taxonomy_v1,semiconductor_work,S05,generic,yes,systems,change request tracker,none,field,field,field,none,recovered,recovered,missed
domain_taxonomy_v1,semiconductor_work,S05,generic,yes,systems,review checklist,none,field,exact,exact,none,recovered,recovered,recovered
domain_taxonomy_v1,semiconductor_work,S05,generic,yes,systems,commenting tool,none,none,exact,exact,none,recovered,recovered,recovered
domain_taxonomy_v1,semiconductor_work,S05,generic,yes,inputs,specification document,exact,exact,exact,exact,exact,carried,carried,carried
domain_taxonomy_v1,semiconductor_work,S05,generic,yes,inputs,feature change list,none,field,exact,exact,exact,recovered,recovered,recovered
domain_taxonomy_v1,semiconductor_work,S05,generic,yes,inputs,previous document version,none,field,exact,exact,field,recovered,recovered,recovered
domain_taxonomy_v1,semiconductor_work,S05,generic,yes,inputs,review checklist,none,field,exact,exact,none,recovered,recovered,recovered
domain_taxonomy_v1,semiconductor_work,S05,generic,yes,outputs,review comments,none,none,exact,exact,none,recovered,recovered,recovered
domain_taxonomy_v1,semiconductor_work,S05,generic,yes,outputs,change request list,none,field,exact,exact,field,recovered,recovered,recovered
domain_taxonomy_v1,semiconductor_work,S05,generic,yes,outputs,approval decision,none,none,exact,exact,exact,recovered,recovered,recovered
domain_taxonomy_v1,semiconductor_work,S05,generic,yes,outputs,updated document,none,none,exact,field,none,recovered,recovered,dropped
domain_taxonomy_v1,semiconductor_work,S05,generic,yes,decisions,Are all feature changes reflected?,field,scatter,field,field,none,carried,carried,missed
domain_taxonomy_v1,semiconductor_work,S05,generic,yes,decisions,Are the revisions acceptable?,none,none,field,field,field,recovered,recovered,missed
domain_taxonomy_v1,semiconductor_work,S05,generic,yes,exceptions,missing change list,none,scatter,field,field,field,recovered,recovered,missed
domain_taxonomy_v1,semiconductor_work,S05,generic,yes,exceptions,conflicting terminology,none,none,none,none,none,missed,missed,missed
domain_taxonomy_v1,semiconductor_work,S05,generic,yes,exceptions,unclear feature owner,none,none,field,field,field,recovered,recovered,missed
domain_taxonomy_v1,semiconductor_work,S05,generic,yes,exceptions,unresolved comments,none,none,none,none,none,missed,missed,missed
domain_taxonomy_v1,semiconductor_work,S05,generic,yes,automation_targets,A2: Compare feature changes with document content,none,none,field,field,none,recovered,recovered,missed
domain_taxonomy_v1,semiconductor_work,S05,generic,yes,automation_targets,A3: Check terminology and formatting consistency,none,none,field,exact,none,recovered,recovered,unsupported
domain_taxonomy_v1,semiconductor_work,S05,generic,yes,automation_targets,A4: Record comments and requested revisions,none,none,field,field,none,recovered,recovered,missed
domain_taxonomy_v1,semiconductor_work,S06,generic,yes,activities,Prepare agenda and issue summary,none,scatter,field,exact,none,recovered,recovered,unsupported
domain_taxonomy_v1,semiconductor_work,S06,generic,yes,activities,Schedule meeting with vendor,field,field,field,field,none,carried,carried,missed
domain_taxonomy_v1,semiconductor_work,S06,generic,yes,activities,Discuss improvement options,field,none,scatter,field,none,carried,carried,missed
domain_taxonomy_v1,semiconductor_work,S06,generic,yes,activities,Record decisions and open questions,none,none,field,field,none,recovered,recovered,missed
domain_taxonomy_v1,semiconductor_work,S06,generic,yes,activities,Assign action-item owners and due dates,none,field,field,exact,none,recovered,recovered,unsupported
domain_taxonomy_v1,semiconductor_work,S06,generic,yes,activities,Share meeting summary,none,field,field,field,field,recovered,recovered,missed
domain_taxonomy_v1,semiconductor_work,S06,generic,yes,activities,Track action-item progress,none,none,field,exact,field,recovered,recovered,unsupported
domain_taxonomy_v1,semiconductor_work,S06,generic,yes,actors,equipment engineer,none,none,exact,exact,none,recovered,recovered,recovered
domain_taxonomy_v1,semiconductor_work,S06,generic,yes,actors,vendor representative,none,none,exact,exact,exact,recovered,recovered,recovered
domain_taxonomy_v1,semiconductor_work,S06,generic,yes,actors,meeting organizer,none,none,exact,exact,none,recovered,recovered,recovered
domain_taxonomy_v1,semiconductor_work,S06,generic,yes,actors,action-item owner,field,field,exact,exact,field,carried,carried,recovered
domain_taxonomy_v1,semiconductor_work,S06,generic,yes,actors,manager,none,none,exact,exact,none,recovered,recovered,recovered
domain_taxonomy_v1,semiconductor_work,S06,generic,yes,systems,calendar system,none,none,none,exact,none,unsupported,unsupported,unsupported
domain_taxonomy_v1,semiconductor_work,S06,generic,yes,systems,meeting notes,none,field,exact,exact,exact,recovered,recovered,recovered
domain_taxonomy_v1,semiconductor_work,S06,generic,yes,systems,action-item tracker,field,field,exact,exact,exact,carried,carried,recovered
domain_taxonomy_v1,semiconductor_work,S06,generic,yes,systems,shared document repository,none,none,exact,exact,none,recovered,recovered,recovered
domain_taxonomy_v1,semiconductor_work,S06,generic,yes,inputs,improvement request,none,none,exact,exact,none,recovered,recovered,recovered
domain_taxonomy_v1,semiconductor_work,S06,generic,yes,inputs,equipment issue summary,none,scatter,exact,field,none,recovered,recovered,dropped
domain_taxonomy_v1,semiconductor_work,S06,generic,yes,inputs,meeting agenda,none,none,field,exact,none,recovered,recovered,unsupported
domain_taxonomy_v1,semiconductor_work,S06,generic,yes,inputs,vendor proposal,none,none,none,none,none,missed,missed,missed
domain_taxonomy_v1,semiconductor_work,S06,generic,yes,outputs,meeting minutes,none,none,none,none,none,missed,missed,missed
domain_taxonomy_v1,semiconductor_work,S06,generic,yes,outputs,action-item list,field,field,exact,exact,field,carried,carried,recovered
domain_taxonomy_v1,semiconductor_work,S06,generic,yes,outputs,owner and due date assignments,none,field,exact,field,none,recovered,recovered,dropped
domain_taxonomy_v1,semiconductor_work,S06,generic,yes,outputs,updated improvement proposal,none,none,none,scatter,none,unsupported,missed,missed
domain_taxonomy_v1,semiconductor_work,S06,generic,yes,decisions,Is the proposed improvement technically feasible?,none,none,none,none,none,missed,missed,missed
domain_taxonomy_v1,semiconductor_work,S06,generic,yes,decisions,Are action items clearly owned?,none,field,field,field,field,recovered,recovered,missed
domain_taxonomy_v1,semiconductor_work,S06,generic,yes,exceptions,agenda not prepared,none,none,field,scatter,none,recovered,dropped,missed
domain_taxonomy_v1,semiconductor_work,S06,generic,yes,exceptions,vendor proposal incomplete,none,none,none,scatter,none,unsupported,missed,missed
domain_taxonomy_v1,semiconductor_work,S06,generic,yes,exceptions,unclear owner,none,none,none,none,none,missed,missed,missed
domain_taxonomy_v1,semiconductor_work,S06,generic,yes,exceptions,missed follow-up deadline,none,none,none,scatter,none,unsupported,missed,missed
domain_taxonomy_v1,semiconductor_work,S06,generic,yes,automation_targets,A2: Schedule meeting with vendor,field,field,field,field,none,carried,carried,missed
domain_taxonomy_v1,semiconductor_work,S06,generic,yes,automation_targets,A4: Record decisions and open questions,none,none,field,none,none,dropped,dropped,missed
domain_taxonomy_v1,semiconductor_work,S06,generic,yes,automation_targets,A7: Track action-item progress,none,none,field,exact,field,recovered,recovered,unsupported
domain_taxonomy_v1,semiconductor_work,S07,generic,yes,activities,Collect meeting notes or transcript,none,field,field,exact,none,recovered,recovered,unsupported
domain_taxonomy_v1,semiconductor_work,S07,generic,yes,activities,Extract decisions and action items,none,field,field,exact,field,recovered,recovered,unsupported
domain_taxonomy_v1,semiconductor_work,S07,generic,yes,activities,Confirm unclear items with decision owners,none,field,field,field,field,recovered,recovered,missed
domain_taxonomy_v1,semiconductor_work,S07,generic,yes,activities,Draft summary email,none,field,field,field,field,recovered,recovered,missed
domain_taxonomy_v1,semiconductor_work,S07,generic,yes,activities,Attach or link supporting materials,none,none,none,none,none,missed,missed,missed
domain_taxonomy_v1,semiconductor_work,S07,generic,yes,activities,Send email to relevant recipients,none,none,field,field,field,recovered,recovered,missed
domain_taxonomy_v1,semiconductor_work,S07,generic,yes,activities,Update task tracker if needed,none,none,none,none,none,missed,missed,missed
domain_taxonomy_v1,semiconductor_work,S07,generic,yes,actors,meeting participant,none,field,field,field,none,recovered,recovered,missed
domain_taxonomy_v1,semiconductor_work,S07,generic,yes,actors,minute taker,none,none,exact,exact,exact,recovered,recovered,recovered
domain_taxonomy_v1,semiconductor_work,S07,generic,yes,actors,decision owner,none,field,exact,exact,exact,recovered,recovered,recovered
domain_taxonomy_v1,semiconductor_work,S07,generic,yes,actors,recipient,none,exact,exact,exact,exact,recovered,recovered,recovered
domain_taxonomy_v1,semiconductor_work,S07,generic,yes,systems,calendar system,none,exact,exact,exact,exact,recovered,recovered,recovered
domain_taxonomy_v1,semiconductor_work,S07,generic,yes,systems,meeting transcript or notes,none,field,field,field,scatter,recovered,recovered,missed
domain_taxonomy_v1,semiconductor_work,S07,generic,yes,systems,email client,none,none,none,exact,none,unsupported,unsupported,unsupported
domain_taxonomy_v1,semiconductor_work,S07,generic,yes,systems,task tracker,none,none,none,none,none,missed,missed,missed
domain_taxonomy_v1,semiconductor_work,S07,generic,yes,inputs,meeting agenda,none,field,exact,exact,none,recovered,recovered,recovered
domain_taxonomy_v1,semiconductor_work,S07,generic,yes,inputs,meeting notes or transcript,none,field,field,exact,scatter,recovered,recovered,unsupported
domain_taxonomy_v1,semiconductor_work,S07,generic,yes,inputs,participant list,none,scatter,exact,exact,none,recovered,recovered,recovered
domain_taxonomy_v1,semiconductor_work,S07,generic,yes,inputs,action-item list,none,field,field,field,field,recovered,recovered,missed
domain_taxonomy_v1,semiconductor_work,S07,generic,yes,outputs,meeting summary email,field,field,field,exact,field,carried,carried,unsupported
domain_taxonomy_v1,semiconductor_work,S07,generic,yes,outputs,decision list,none,scatter,field,field,scatter,recovered,recovered,missed
domain_taxonomy_v1,semiconductor_work,S07,generic,yes,outputs,action-item assignments,none,field,field,field,field,recovered,recovered,missed
domain_taxonomy_v1,semiconductor_work,S07,generic,yes,outputs,task tracker updates,none,none,none,none,none,missed,missed,missed
domain_taxonomy_v1,semiconductor_work,S07,generic,yes,decisions,Are all action items assigned to owners?,none,scatter,field,field,field,recovered,recovered,missed
domain_taxonomy_v1,semiconductor_work,S07,generic,yes,decisions,Does the meeting require task tracking?,none,scatter,none,none,none,missed,missed,missed
domain_taxonomy_v1,semiconductor_work,S07,generic,yes,exceptions,missing transcript,none,none,none,none,none,missed,missed,missed
domain_taxonomy_v1,semiconductor_work,S07,generic,yes,exceptions,unclear decision owner,none,field,field,field,field,recovered,recovered,missed
domain_taxonomy_v1,semiconductor_work,S07,generic,yes,exceptions,recipient list incomplete,none,field,field,field,field,recovered,recovered,missed
domain_taxonomy_v1,semiconductor_work,S07,generic,yes,exceptions,confidential content included,none,none,none,none,none,missed,missed,missed
domain_taxonomy_v1,semiconductor_work,S07,generic,yes,automation_targets,A2: Extract decisions and action items,none,field,field,exact,field,recovered,recovered,unsupported
domain_taxonomy_v1,semiconductor_work,S07,generic,yes,automation_targets,A4: Draft summary email,none,field,field,field,field,recovered,recovered,missed
domain_taxonomy_v1,semiconductor_work,S07,generic,yes,automation_targets,A7: Update task tracker if needed,none,none,none,none,none,missed,missed,missed
domain_taxonomy_v1,semiconductor_work,S08,generic,yes,activities,Collect meeting time and participant count,none,scatter,scatter,scatter,scatter,recovered,missed,missed
domain_taxonomy_v1,semiconductor_work,S08,generic,yes,activities,Check room availability,field,exact,field,exact,none,carried,carried,unsupported
domain_taxonomy_v1,semiconductor_work,S08,generic,yes,activities,Select room matching capacity and equipment needs,none,none,field,scatter,field,recovered,dropped,missed
domain_taxonomy_v1,semiconductor_work,S08,generic,yes,activities,Reserve selected room,field,none,field,field,field,carried,carried,missed
domain_taxonomy_v1,semiconductor_work,S08,generic,yes,activities,Create or update calendar invitation,none,none,field,exact,field,recovered,recovered,unsupported
domain_taxonomy_v1,semiconductor_work,S08,generic,yes,activities,Notify participants of room information,field,field,field,exact,none,carried,carried,unsupported
domain_taxonomy_v1,semiconductor_work,S08,generic,yes,actors,meeting organizer,field,scatter,scatter,scatter,scatter,carried,lost,missed
domain_taxonomy_v1,semiconductor_work,S08,generic,yes,actors,meeting participants,field,scatter,field,scatter,scatter,carried,lost,missed
domain_taxonomy_v1,semiconductor_work,S08,generic,yes,actors,facility system,none,scatter,scatter,none,none,dropped,missed,missed
domain_taxonomy_v1,semiconductor_work,S08,generic,yes,systems,calendar system,none,scatter,exact,exact,scatter,recovered,recovered,recovered
domain_taxonomy_v1,semiconductor_work,S08,generic,yes,systems,room reservation system,none,field,exact,exact,field,recovered,recovered,recovered
domain_taxonomy_v1,semiconductor_work,S08,generic,yes,systems,email or collaboration tool,none,none,exact,exact,field,recovered,recovered,recovered
domain_taxonomy_v1,semiconductor_work,S08,generic,yes,inputs,meeting date and time,none,scatter,scatter,field,scatter,recovered,unsupported,missed
domain_taxonomy_v1,semiconductor_work,S08,generic,yes,inputs,participant count,none,none,exact,exact,exact,recovered,recovered,recovered
domain_taxonomy_v1,semiconductor_work,S08,generic,yes,inputs,location preference,none,none,none,exact,none,unsupported,unsupported,unsupported
domain_taxonomy_v1,semiconductor_work,S08,generic,yes,inputs,equipment needs,none,none,none,none,none,missed,missed,missed
domain_taxonomy_v1,semiconductor_work,S08,generic,yes,outputs,room reservation,none,field,exact,exact,scatter,recovered,recovered,recovered
domain_taxonomy_v1,semiconductor_work,S08,generic,yes,outputs,calendar invitation,none,exact,exact,exact,exact,recovered,recovered,recovered
domain_taxonomy_v1,semiconductor_work,S08,generic,yes,outputs,participant notification,none,exact,field,exact,field,recovered,recovered,unsupported
domain_taxonomy_v1,semiconductor_work,S08,generic,yes,decisions,Is a suitable room available?,none,field,field,exact,field,recovered,recovered,unsupported
domain_taxonomy_v1,semiconductor_work,S08,generic,yes,decisions,Does the meeting require special equipment?,none,scatter,none,scatter,none,unsupported,missed,missed
domain_taxonomy_v1,semiconductor_work,S08,generic,yes,exceptions,room unavailable,none,field,none,field,field,unsupported,unsupported,missed
domain_taxonomy_v1,semiconductor_work,S08,generic,yes,exceptions,participant count changes,none,none,exact,exact,field,recovered,recovered,recovered
domain_taxonomy_v1,semiconductor_work,S08,generic,yes,exceptions,reservation conflict,none,scatter,exact,exact,exact,recovered,recovered,recovered
domain_taxonomy_v1,semiconductor_work,S08,generic,yes,exceptions,equipment unavailable,none,none,none,field,scatter,unsupported,unsupported,missed
domain_taxonomy_v1,semiconductor_work,S08,generic,yes,automation_targets,A2: Check room availability,field,field,field,field,none,carried,carried,missed
domain_taxonomy_v1,semiconductor_work,S08,generic,yes,automation_targets,A3: Select room matching capacity and equipment needs,none,none,field,scatter,field,recovered,dropped,missed
domain_taxonomy_v1,semiconductor_work,S08,generic,yes,automation_targets,A5: Create or update calendar invitation,none,none,field,field,field,recovered,recovered,missed
domain_taxonomy_v1,semiconductor_work,S01,common,yes,activities,Review test request and conditions,none,none,field,field,scatter,recovered,recovered,missed
domain_taxonomy_v1,semiconductor_work,S01,common,yes,activities,Prepare evaluation setup,field,none,none,scatter,none,carried,lost,missed
domain_taxonomy_v1,semiconductor_work,S01,common,yes,activities,Run verification test,field,field,field,field,field,carried,carried,missed
domain_taxonomy_v1,semiconductor_work,S01,common,yes,activities,Collect result files,none,none,field,field,none,recovered,recovered,missed
domain_taxonomy_v1,semiconductor_work,S01,common,yes,activities,Check result validity,field,none,field,field,none,carried,carried,missed
domain_taxonomy_v1,semiconductor_work,S01,common,yes,activities,Summarize findings in report,none,field,field,scatter,none,recovered,dropped,missed
domain_taxonomy_v1,semiconductor_work,S01,common,yes,activities,Share report for review,none,none,field,scatter,scatter,recovered,dropped,missed
domain_taxonomy_v1,semiconductor_work,S01,common,yes,activities,Review report and request clarification if needed,none,none,field,scatter,none,recovered,dropped,missed
domain_taxonomy_v1,semiconductor_work,S01,common,yes,actors,verification engineer,field,scatter,exact,exact,none,carried,carried,recovered
domain_taxonomy_v1,semiconductor_work,S01,common,yes,actors,review engineer,none,none,exact,exact,none,recovered,recovered,recovered
domain_taxonomy_v1,semiconductor_work,S01,common,yes,actors,project owner,none,none,exact,exact,exact,recovered,recovered,recovered
domain_taxonomy_v1,semiconductor_work,S01,common,yes,systems,test execution tool,none,field,exact,exact,exact,recovered,recovered,recovered
domain_taxonomy_v1,semiconductor_work,S01,common,yes,systems,result repository,none,none,exact,exact,exact,recovered,recovered,recovered
domain_taxonomy_v1,semiconductor_work,S01,common,yes,systems,report template,none,none,exact,exact,exact,recovered,recovered,recovered
domain_taxonomy_v1,semiconductor_work,S01,common,yes,systems,email or collaboration tool,none,none,exact,exact,field,recovered,recovered,recovered
domain_taxonomy_v1,semiconductor_work,S01,common,yes,inputs,test request,none,none,exact,exact,none,recovered,recovered,recovered
domain_taxonomy_v1,semiconductor_work,S01,common,yes,inputs,test condition,none,scatter,scatter,scatter,scatter,recovered,missed,missed
domain_taxonomy_v1,semiconductor_work,S01,common,yes,inputs,sample identifier,none,none,none,none,none,missed,missed,missed
domain_taxonomy_v1,semiconductor_work,S01,common,yes,inputs,evaluation setup guide,none,none,none,scatter,none,unsupported,missed,missed
domain_taxonomy_v1,semiconductor_work,S01,common,yes,outputs,test result files,field,field,exact,field,field,carried,carried,dropped
domain_taxonomy_v1,semiconductor_work,S01,common,yes,outputs,summary report,none,none,none,field,none,unsupported,unsupported,missed
domain_taxonomy_v1,semiconductor_work,S01,common,yes,outputs,issue list,none,none,none,none,none,missed,missed,missed
domain_taxonomy_v1,semiconductor_work,S01,common,yes,outputs,review notification,none,none,none,none,none,missed,missed,missed
domain_taxonomy_v1,semiconductor_work,S01,common,yes,decisions,Are the result files complete and readable?,none,scatter,field,field,none,recovered,recovered,missed
domain_taxonomy_v1,semiconductor_work,S01,common,yes,decisions,Do the results contain abnormal patterns?,none,none,field,field,field,recovered,recovered,missed
domain_taxonomy_v1,semiconductor_work,S01,common,yes,exceptions,missing setup information,none,none,none,scatter,none,unsupported,missed,missed
domain_taxonomy_v1,semiconductor_work,S01,common,yes,exceptions,test execution failure,none,none,field,field,field,recovered,recovered,missed
domain_taxonomy_v1,semiconductor_work,S01,common,yes,exceptions,incomplete result files,none,none,field,field,none,recovered,recovered,missed
domain_taxonomy_v1,semiconductor_work,S01,common,yes,exceptions,unclear abnormal pattern,none,none,field,field,field,recovered,recovered,missed
domain_taxonomy_v1,semiconductor_work,S01,common,yes,automation_targets,A4: Collect result files,none,none,field,field,none,recovered,recovered,missed
domain_taxonomy_v1,semiconductor_work,S01,common,yes,automation_targets,A5: Check result validity,field,none,field,field,none,carried,carried,missed
domain_taxonomy_v1,semiconductor_work,S01,common,yes,automation_targets,A6: Summarize findings in report,none,field,field,scatter,none,recovered,dropped,missed
domain_taxonomy_v1,semiconductor_work,S02,common,yes,activities,Confirm measurement request and wafer identifier,none,none,field,scatter,scatter,recovered,dropped,missed
domain_taxonomy_v1,semiconductor_work,S02,common,yes,activities,Select suitable measurement equipment,none,none,field,scatter,field,recovered,dropped,missed
domain_taxonomy_v1,semiconductor_work,S02,common,yes,activities,Check equipment availability and reserve slot,none,none,field,field,none,recovered,recovered,missed
domain_taxonomy_v1,semiconductor_work,S02,common,yes,activities,Prepare wafer according to equipment procedure,none,none,field,field,none,recovered,recovered,missed
domain_taxonomy_v1,semiconductor_work,S02,common,yes,activities,Run measurement recipe,none,none,field,exact,none,recovered,recovered,unsupported
domain_taxonomy_v1,semiconductor_work,S02,common,yes,activities,Validate measurement output,none,field,field,exact,field,recovered,recovered,unsupported
domain_taxonomy_v1,semiconductor_work,S02,common,yes,activities,Upload result and notify requester,none,none,field,field,scatter,recovered,recovered,missed
domain_taxonomy_v1,semiconductor_work,S02,common,yes,actors,measurement engineer,field,field,exact,exact,none,carried,carried,recovered
domain_taxonomy_v1,semiconductor_work,S02,common,yes,actors,equipment owner,none,none,none,none,none,missed,missed,missed
domain_taxonomy_v1,semiconductor_work,S02,common,yes,actors,requester,none,none,exact,exact,exact,recovered,recovered,recovered
domain_taxonomy_v1,semiconductor_work,S02,common,yes,systems,measurement equipment,none,none,field,scatter,field,recovered,dropped,missed
domain_taxonomy_v1,semiconductor_work,S02,common,yes,systems,equipment reservation system,none,none,field,field,scatter,recovered,recovered,missed
domain_taxonomy_v1,semiconductor_work,S02,common,yes,systems,measurement result repository,field,field,exact,exact,exact,carried,carried,recovered
domain_taxonomy_v1,semiconductor_work,S02,common,yes,inputs,measurement request,none,none,exact,exact,exact,recovered,recovered,recovered
domain_taxonomy_v1,semiconductor_work,S02,common,yes,inputs,wafer identifier,none,none,none,none,none,missed,missed,missed
domain_taxonomy_v1,semiconductor_work,S02,common,yes,inputs,measurement recipe,none,none,exact,exact,none,recovered,recovered,recovered
domain_taxonomy_v1,semiconductor_work,S02,common,yes,inputs,equipment availability,none,none,exact,exact,exact,recovered,recovered,recovered
domain_taxonomy_v1,semiconductor_work,S02,common,yes,outputs,measurement result,field,exact,exact,exact,exact,carried,carried,recovered
domain_taxonomy_v1,semiconductor_work,S02,common,yes,outputs,equipment usage record,none,none,none,field,none,unsupported,unsupported,missed
domain_taxonomy_v1,semiconductor_work,S02,common,yes,outputs,request completion notice,none,none,none,scatter,none,unsupported,missed,missed
domain_taxonomy_v1,semiconductor_work,S02,common,yes,decisions,Which equipment is required for the requested measurement?,none,none,field,scatter,scatter,recovered,dropped,missed
domain_taxonomy_v1,semiconductor_work,S02,common,yes,decisions,Is the equipment available and qualified?,none,none,field,field,field,recovered,recovered,missed
domain_taxonomy_v1,semiconductor_work,S02,common,yes,decisions,Is the measurement output valid?,none,field,field,exact,field,recovered,recovered,unsupported
domain_taxonomy_v1,semiconductor_work,S02,common,yes,exceptions,equipment unavailable,none,none,none,field,field,unsupported,unsupported,missed
domain_taxonomy_v1,semiconductor_work,S02,common,yes,exceptions,wafer information mismatch,none,none,none,scatter,none,unsupported,missed,missed
domain_taxonomy_v1,semiconductor_work,S02,common,yes,exceptions,recipe not approved,none,none,field,scatter,none,recovered,dropped,missed
domain_taxonomy_v1,semiconductor_work,S02,common,yes,exceptions,invalid measurement output,none,field,exact,field,field,recovered,recovered,dropped
domain_taxonomy_v1,semiconductor_work,S02,common,yes,automation_targets,A2: Select suitable measurement equipment,none,none,field,none,field,dropped,dropped,missed
domain_taxonomy_v1,semiconductor_work,S02,common,yes,automation_targets,A3: Check equipment availability and reserve slot,none,none,field,field,none,recovered,recovered,missed
domain_taxonomy_v1,semiconductor_work,S02,common,yes,automation_targets,A6: Validate measurement output,none,field,field,field,field,recovered,recovered,missed
domain_taxonomy_v1,semiconductor_work,S03,common,yes,activities,Identify required sample and evaluation purpose,none,none,field,exact,none,recovered,recovered,unsupported
domain_taxonomy_v1,semiconductor_work,S03,common,yes,activities,Submit sample transfer request,none,field,field,field,field,recovered,recovered,missed
domain_taxonomy_v1,semiconductor_work,S03,common,yes,activities,Approve transfer request,none,field,field,field,field,recovered,recovered,missed
domain_taxonomy_v1,semiconductor_work,S03,common,yes,activities,Physically confirm sample,none,scatter,field,scatter,field,recovered,dropped,missed
domain_taxonomy_v1,semiconductor_work,S03,common,yes,activities,Move sample to target location,none,scatter,field,scatter,none,recovered,dropped,missed
domain_taxonomy_v1,semiconductor_work,S03,common,yes,activities,Update sample status after evaluation,field,field,field,field,field,carried,carried,missed
domain_taxonomy_v1,semiconductor_work,S03,common,yes,activities,Submit disposal request for completed sample,none,scatter,field,field,scatter,recovered,recovered,missed
domain_taxonomy_v1,semiconductor_work,S03,common,yes,activities,Approve and record disposal,none,field,field,field,field,recovered,recovered,missed
domain_taxonomy_v1,semiconductor_work,S03,common,yes,actors,sample requester,none,none,exact,exact,exact,recovered,recovered,recovered
domain_taxonomy_v1,semiconductor_work,S03,common,yes,actors,sample manager,none,none,none,none,none,missed,missed,missed
domain_taxonomy_v1,semiconductor_work,S03,common,yes,actors,verification engineer,none,none,exact,exact,none,recovered,recovered,recovered
domain_taxonomy_v1,semiconductor_work,S03,common,yes,actors,approver,none,none,exact,exact,exact,recovered,recovered,recovered
domain_taxonomy_v1,semiconductor_work,S03,common,yes,systems,sample tracking sheet,none,field,exact,exact,exact,recovered,recovered,recovered
domain_taxonomy_v1,semiconductor_work,S03,common,yes,systems,transfer request form,none,field,exact,exact,exact,recovered,recovered,recovered
domain_taxonomy_v1,semiconductor_work,S03,common,yes,systems,approval system,none,scatter,exact,exact,exact,recovered,recovered,recovered
domain_taxonomy_v1,semiconductor_work,S03,common,yes,systems,storage location registry,none,none,exact,exact,exact,recovered,recovered,recovered
domain_taxonomy_v1,semiconductor_work,S03,common,yes,inputs,sample identifier,none,none,exact,exact,none,recovered,recovered,recovered
domain_taxonomy_v1,semiconductor_work,S03,common,yes,inputs,evaluation purpose,none,none,exact,exact,none,recovered,recovered,recovered
domain_taxonomy_v1,semiconductor_work,S03,common,yes,inputs,target location,none,scatter,none,exact,none,unsupported,unsupported,unsupported
domain_taxonomy_v1,semiconductor_work,S03,common,yes,inputs,disposal reason,none,none,none,scatter,field,unsupported,missed,missed
domain_taxonomy_v1,semiconductor_work,S03,common,yes,outputs,transfer approval,none,scatter,field,scatter,field,recovered,dropped,missed
domain_taxonomy_v1,semiconductor_work,S03,common,yes,outputs,updated sample status,none,field,exact,exact,exact,recovered,recovered,recovered
domain_taxonomy_v1,semiconductor_work,S03,common,yes,outputs,disposal record,none,exact,exact,exact,exact,recovered,recovered,recovered
domain_taxonomy_v1,semiconductor_work,S03,common,yes,outputs,physical confirmation note,none,none,exact,exact,exact,recovered,recovered,recovered
domain_taxonomy_v1,semiconductor_work,S03,common,yes,decisions,Is the sample available and correctly identified?,none,none,none,scatter,none,unsupported,missed,missed
domain_taxonomy_v1,semiconductor_work,S03,common,yes,decisions,Is disposal allowed after evaluation?,none,field,field,scatter,none,recovered,dropped,missed
domain_taxonomy_v1,semiconductor_work,S03,common,yes,exceptions,sample identifier mismatch,none,none,field,field,none,recovered,recovered,missed
domain_taxonomy_v1,semiconductor_work,S03,common,yes,exceptions,missing physical sample,none,none,field,field,field,recovered,recovered,missed
domain_taxonomy_v1,semiconductor_work,S03,common,yes,exceptions,approval delay,none,none,none,none,none,missed,missed,missed
domain_taxonomy_v1,semiconductor_work,S03,common,yes,exceptions,retention requirement,none,none,exact,exact,exact,recovered,recovered,recovered
domain_taxonomy_v1,semiconductor_work,S03,common,yes,automation_targets,A2: Submit sample transfer request,none,field,field,field,field,recovered,recovered,missed
domain_taxonomy_v1,semiconductor_work,S03,common,yes,automation_targets,A6: Update sample status after evaluation,field,field,field,field,field,carried,carried,missed
domain_taxonomy_v1,semiconductor_work,S03,common,yes,automation_targets,A7: Submit disposal request for completed sample,none,scatter,field,field,scatter,recovered,recovered,missed
domain_taxonomy_v1,semiconductor_work,S04,common,yes,activities,Register defect issue with initial evidence,none,none,field,field,none,recovered,recovered,missed
domain_taxonomy_v1,semiconductor_work,S04,common,yes,activities,Classify issue severity and affected scope,none,scatter,field,field,none,recovered,recovered,missed
domain_taxonomy_v1,semiconductor_work,S04,common,yes,activities,Notify related teams and assign owners,none,none,none,none,none,missed,missed,missed
domain_taxonomy_v1,semiconductor_work,S04,common,yes,activities,Define root-cause hypotheses,none,none,none,none,none,missed,missed,missed
domain_taxonomy_v1,semiconductor_work,S04,common,yes,activities,Plan and run follow-up experiment,none,none,none,none,none,missed,missed,missed
domain_taxonomy_v1,semiconductor_work,S04,common,yes,activities,Review experiment result and select improvement action,none,none,field,field,none,recovered,recovered,missed
domain_taxonomy_v1,semiconductor_work,S04,common,yes,activities,Assess customer risk,none,field,field,field,field,recovered,recovered,missed
domain_taxonomy_v1,semiconductor_work,S04,common,yes,activities,Share final report and action items,none,none,field,field,none,recovered,recovered,missed
domain_taxonomy_v1,semiconductor_work,S04,common,yes,actors,issue owner,none,none,exact,exact,none,recovered,recovered,recovered
domain_taxonomy_v1,semiconductor_work,S04,common,yes,actors,process engineer,none,none,exact,exact,none,recovered,recovered,recovered
domain_taxonomy_v1,semiconductor_work,S04,common,yes,actors,quality engineer,none,none,exact,exact,none,recovered,recovered,recovered
domain_taxonomy_v1,semiconductor_work,S04,common,yes,actors,customer interface owner,none,none,exact,exact,none,recovered,recovered,recovered
domain_taxonomy_v1,semiconductor_work,S04,common,yes,actors,manager,none,none,exact,exact,none,recovered,recovered,recovered
domain_taxonomy_v1,semiconductor_work,S04,common,yes,systems,issue tracking system,none,none,exact,exact,none,recovered,recovered,recovered
domain_taxonomy_v1,semiconductor_work,S04,common,yes,systems,experiment log,none,none,none,scatter,none,unsupported,missed,missed
domain_taxonomy_v1,semiconductor_work,S04,common,yes,systems,risk report template,field,field,exact,exact,exact,carried,carried,recovered
domain_taxonomy_v1,semiconductor_work,S04,common,yes,systems,collaboration tool,none,none,none,none,none,missed,missed,missed
domain_taxonomy_v1,semiconductor_work,S04,common,yes,inputs,defect description,none,none,exact,exact,scatter,recovered,recovered,recovered
domain_taxonomy_v1,semiconductor_work,S04,common,yes,inputs,sample or lot context,none,none,exact,exact,none,recovered,recovered,recovered
domain_taxonomy_v1,semiconductor_work,S04,common,yes,inputs,initial evidence,none,none,exact,exact,none,recovered,recovered,recovered
domain_taxonomy_v1,semiconductor_work,S04,common,yes,inputs,customer impact assumption,none,scatter,exact,exact,field,recovered,recovered,recovered
domain_taxonomy_v1,semiconductor_work,S04,common,yes,outputs,issue report,field,none,field,field,none,carried,carried,missed
domain_taxonomy_v1,semiconductor_work,S04,common,yes,outputs,root-cause hypothesis,none,none,none,none,none,missed,missed,missed
domain_taxonomy_v1,semiconductor_work,S04,common,yes,outputs,experiment plan,none,none,none,none,none,missed,missed,missed
domain_taxonomy_v1,semiconductor_work,S04,common,yes,outputs,improvement action,none,none,exact,exact,none,recovered,recovered,recovered
domain_taxonomy_v1,semiconductor_work,S04,common,yes,outputs,customer risk summary,none,field,exact,exact,exact,recovered,recovered,recovered
domain_taxonomy_v1,semiconductor_work,S04,common,yes,decisions,Is the issue customer-impacting?,none,none,field,field,field,recovered,recovered,missed
domain_taxonomy_v1,semiconductor_work,S04,common,yes,decisions,Does the experiment support the root-cause hypothesis?,none,none,none,scatter,none,unsupported,missed,missed
domain_taxonomy_v1,semiconductor_work,S04,common,yes,exceptions,insufficient evidence,none,none,none,none,none,missed,missed,missed
domain_taxonomy_v1,semiconductor_work,S04,common,yes,exceptions,unclear owner,none,none,none,none,none,missed,missed,missed
domain_taxonomy_v1,semiconductor_work,S04,common,yes,exceptions,experiment delay,none,none,none,none,none,missed,missed,missed
domain_taxonomy_v1,semiconductor_work,S04,common,yes,exceptions,conflicting root-cause hypotheses,none,none,none,none,none,missed,missed,missed
domain_taxonomy_v1,semiconductor_work,S04,common,yes,automation_targets,A1: Register defect issue with initial evidence,none,none,field,field,none,recovered,recovered,missed
domain_taxonomy_v1,semiconductor_work,S04,common,yes,automation_targets,A3: Notify related teams and assign owners,none,none,none,none,none,missed,missed,missed
domain_taxonomy_v1,semiconductor_work,S04,common,yes,automation_targets,A8: Share final report and action items,none,none,field,field,none,recovered,recovered,missed
domain_taxonomy_v1,semiconductor_work,S05,common,yes,activities,Collect document and related change list,none,none,field,field,scatter,recovered,recovered,missed
domain_taxonomy_v1,semiconductor_work,S05,common,yes,activities,Compare feature changes with document content,none,none,field,field,none,recovered,recovered,missed
domain_taxonomy_v1,semiconductor_work,S05,common,yes,activities,Check terminology and formatting consistency,none,none,scatter,scatter,none,recovered,missed,missed
domain_taxonomy_v1,semiconductor_work,S05,common,yes,activities,Record comments and requested revisions,none,none,field,field,none,recovered,recovered,missed
domain_taxonomy_v1,semiconductor_work,S05,common,yes,activities,Revise document based on comments,none,none,field,scatter,none,recovered,dropped,missed
domain_taxonomy_v1,semiconductor_work,S05,common,yes,activities,Confirm revisions with feature owner,none,none,field,field,field,recovered,recovered,missed
domain_taxonomy_v1,semiconductor_work,S05,common,yes,activities,Approve final document,none,field,field,field,field,recovered,recovered,missed
domain_taxonomy_v1,semiconductor_work,S05,common,yes,actors,document reviewer,none,field,exact,exact,none,recovered,recovered,recovered
domain_taxonomy_v1,semiconductor_work,S05,common,yes,actors,feature owner,none,none,exact,exact,exact,recovered,recovered,recovered
domain_taxonomy_v1,semiconductor_work,S05,common,yes,actors,document author,none,field,exact,exact,scatter,recovered,recovered,recovered
domain_taxonomy_v1,semiconductor_work,S05,common,yes,actors,approver,none,none,exact,exact,exact,recovered,recovered,recovered
domain_taxonomy_v1,semiconductor_work,S05,common,yes,systems,document repository,none,field,exact,exact,exact,recovered,recovered,recovered
domain_taxonomy_v1,semiconductor_work,S05,common,yes,systems,change request tracker,none,none,exact,exact,exact,recovered,recovered,recovered
domain_taxonomy_v1,semiconductor_work,S05,common,yes,systems,review checklist,none,scatter,exact,exact,none,recovered,recovered,recovered
domain_taxonomy_v1,semiconductor_work,S05,common,yes,systems,commenting tool,none,none,exact,exact,exact,recovered,recovered,recovered
domain_taxonomy_v1,semiconductor_work,S05,common,yes,inputs,specification document,exact,exact,exact,exact,none,carried,carried,carried
domain_taxonomy_v1,semiconductor_work,S05,common,yes,inputs,feature change list,none,field,exact,exact,scatter,recovered,recovered,recovered
domain_taxonomy_v1,semiconductor_work,S05,common,yes,inputs,previous document version,none,field,field,field,field,recovered,recovered,missed
domain_taxonomy_v1,semiconductor_work,S05,common,yes,inputs,review checklist,none,scatter,exact,exact,none,recovered,recovered,recovered
domain_taxonomy_v1,semiconductor_work,S05,common,yes,outputs,review comments,none,none,exact,exact,none,recovered,recovered,recovered
domain_taxonomy_v1,semiconductor_work,S05,common,yes,outputs,change request list,none,none,exact,exact,field,recovered,recovered,recovered
domain_taxonomy_v1,semiconductor_work,S05,common,yes,outputs,approval decision,none,none,exact,exact,exact,recovered,recovered,recovered
domain_taxonomy_v1,semiconductor_work,S05,common,yes,outputs,updated document,none,none,none,none,none,missed,missed,missed
domain_taxonomy_v1,semiconductor_work,S05,common,yes,decisions,Are all feature changes reflected?,field,field,field,field,scatter,carried,carried,missed
domain_taxonomy_v1,semiconductor_work,S05,common,yes,decisions,Are the revisions acceptable?,none,none,field,field,none,recovered,recovered,missed
domain_taxonomy_v1,semiconductor_work,S05,common,yes,exceptions,missing change list,none,none,exact,exact,none,recovered,recovered,recovered
domain_taxonomy_v1,semiconductor_work,S05,common,yes,exceptions,conflicting terminology,none,none,exact,exact,none,recovered,recovered,recovered
domain_taxonomy_v1,semiconductor_work,S05,common,yes,exceptions,unclear feature owner,none,none,exact,exact,exact,recovered,recovered,recovered
domain_taxonomy_v1,semiconductor_work,S05,common,yes,exceptions,unresolved comments,none,none,exact,exact,none,recovered,recovered,recovered
domain_taxonomy_v1,semiconductor_work,S05,common,yes,automation_targets,A2: Compare feature changes with document content,none,none,field,field,none,recovered,recovered,missed
domain_taxonomy_v1,semiconductor_work,S05,common,yes,automation_targets,A3: Check terminology and formatting consistency,none,none,scatter,none,none,dropped,missed,missed
domain_taxonomy_v1,semiconductor_work,S05,common,yes,automation_targets,A4: Record comments and requested revisions,none,none,field,field,none,recovered,recovered,missed
domain_taxonomy_v1,semiconductor_work,S06,common,yes,activities,Prepare agenda and issue summary,none,none,none,scatter,none,unsupported,missed,missed
domain_taxonomy_v1,semiconductor_work,S06,common,yes,activities,Schedule meeting with vendor,field,none,field,field,none,carried,carried,missed
domain_taxonomy_v1,semiconductor_work,S06,common,yes,activities,Discuss improvement options,field,none,none,field,none,carried,carried,missed
domain_taxonomy_v1,semiconductor_work,S06,common,yes,activities,Record decisions and open questions,none,none,field,field,none,recovered,recovered,missed
domain_taxonomy_v1,semiconductor_work,S06,common,yes,activities,Assign action-item owners and due dates,none,none,field,exact,field,recovered,recovered,unsupported
domain_taxonomy_v1,semiconductor_work,S06,common,yes,activities,Share meeting summary,none,field,field,exact,field,recovered,recovered,unsupported
domain_taxonomy_v1,semiconductor_work,S06,common,yes,activities,Track action-item progress,none,field,field,field,field,recovered,recovered,missed
domain_taxonomy_v1,semiconductor_work,S06,common,yes,actors,equipment engineer,none,none,exact,exact,none,recovered,recovered,recovered
domain_taxonomy_v1,semiconductor_work,S06,common,yes,actors,vendor representative,none,none,exact,exact,none,recovered,recovered,recovered
domain_taxonomy_v1,semiconductor_work,S06,common,yes,actors,meeting organizer,none,none,exact,exact,exact,recovered,recovered,recovered
domain_taxonomy_v1,semiconductor_work,S06,common,yes,actors,action-item owner,field,field,exact,exact,field,carried,carried,recovered
domain_taxonomy_v1,semiconductor_work,S06,common,yes,actors,manager,none,none,exact,exact,none,recovered,recovered,recovered
domain_taxonomy_v1,semiconductor_work,S06,common,yes,systems,calendar system,none,none,exact,exact,exact,recovered,recovered,recovered
domain_taxonomy_v1,semiconductor_work,S06,common,yes,systems,meeting notes,none,exact,exact,exact,exact,recovered,recovered,recovered
domain_taxonomy_v1,semiconductor_work,S06,common,yes,systems,action-item tracker,field,field,exact,exact,exact,carried,carried,recovered
domain_taxonomy_v1,semiconductor_work,S06,common,yes,systems,shared document repository,none,field,exact,exact,exact,recovered,recovered,recovered
domain_taxonomy_v1,semiconductor_work,S06,common,yes,inputs,improvement request,none,none,none,scatter,none,unsupported,missed,missed
domain_taxonomy_v1,semiconductor_work,S06,common,yes,inputs,equipment issue summary,none,none,field,scatter,none,recovered,dropped,missed
domain_taxonomy_v1,semiconductor_work,S06,common,yes,inputs,meeting agenda,none,none,none,exact,none,unsupported,unsupported,unsupported
domain_taxonomy_v1,semiconductor_work,S06,common,yes,inputs,vendor proposal,none,none,none,none,none,missed,missed,missed
domain_taxonomy_v1,semiconductor_work,S06,common,yes,outputs,meeting minutes,none,none,exact,exact,exact,recovered,recovered,recovered
domain_taxonomy_v1,semiconductor_work,S06,common,yes,outputs,action-item list,field,field,exact,exact,exact,carried,carried,recovered
domain_taxonomy_v1,semiconductor_work,S06,common,yes,outputs,owner and due date assignments,none,none,exact,field,field,recovered,recovered,dropped
domain_taxonomy_v1,semiconductor_work,S06,common,yes,outputs,updated improvement proposal,none,none,none,scatter,none,unsupported,missed,missed
domain_taxonomy_v1,semiconductor_work,S06,common,yes,decisions,Is the proposed improvement technically feasible?,none,none,none,none,none,missed,missed,missed
domain_taxonomy_v1,semiconductor_work,S06,common,yes,decisions,Are action items clearly owned?,none,field,field,field,field,recovered,recovered,missed
domain_taxonomy_v1,semiconductor_work,S06,common,yes,exceptions,agenda not prepared,none,none,none,scatter,none,unsupported,missed,missed
domain_taxonomy_v1,semiconductor_work,S06,common,yes,exceptions,vendor proposal incomplete,none,none,none,none,none,missed,missed,missed
domain_taxonomy_v1,semiconductor_work,S06,common,yes,exceptions,unclear owner,none,none,none,none,none,missed,missed,missed
domain_taxonomy_v1,semiconductor_work,S06,common,yes,exceptions,missed follow-up deadline,none,field,exact,exact,field,recovered,recovered,recovered
domain_taxonomy_v1,semiconductor_work,S06,common,yes,automation_targets,A2: Schedule meeting with vendor,field,none,field,none,none,lost,lost,missed
domain_taxonomy_v1,semiconductor_work,S06,common,yes,automation_targets,A4: Record decisions and open questions,none,none,field,none,none,dropped,dropped,missed
domain_taxonomy_v1,semiconductor_work,S06,common,yes,automation_targets,A7: Track action-item progress,none,field,field,field,field,recovered,recovered,missed
domain_taxonomy_v1,semiconductor_work,S07,common,yes,activities,Collect meeting notes or transcript,none,scatter,field,field,scatter,recovered,recovered,missed
domain_taxonomy_v1,semiconductor_work,S07,common,yes,activities,Extract decisions and action items,none,field,field,field,field,recovered,recovered,missed
domain_taxonomy_v1,semiconductor_work,S07,common,yes,activities,Confirm unclear items with decision owners,none,field,field,field,scatter,recovered,recovered,missed
domain_taxonomy_v1,semiconductor_work,S07,common,yes,activities,Draft summary email,none,field,field,exact,field,recovered,recovered,unsupported
domain_taxonomy_v1,semiconductor_work,S07,common,yes,activities,Attach or link supporting materials,none,none,none,none,none,missed,missed,missed
domain_taxonomy_v1,semiconductor_work,S07,common,yes,activities,Send email to relevant recipients,none,none,field,field,scatter,recovered,recovered,missed
domain_taxonomy_v1,semiconductor_work,S07,common,yes,activities,Update task tracker if needed,none,none,none,none,none,missed,missed,missed
domain_taxonomy_v1,semiconductor_work,S07,common,yes,actors,meeting participant,none,none,field,field,none,recovered,recovered,missed
domain_taxonomy_v1,semiconductor_work,S07,common,yes,actors,minute taker,none,none,exact,exact,exact,recovered,recovered,recovered
domain_taxonomy_v1,semiconductor_work,S07,common,yes,actors,decision owner,none,field,exact,exact,field,recovered,recovered,recovered
domain_taxonomy_v1,semiconductor_work,S07,common,yes,actors,recipient,none,exact,exact,exact,exact,recovered,recovered,recovered
domain_taxonomy_v1,semiconductor_work,S07,common,yes,systems,calendar system,none,none,none,none,none,missed,missed,missed
domain_taxonomy_v1,semiconductor_work,S07,common,yes,systems,meeting transcript or notes,none,field,field,field,field,recovered,recovered,missed
domain_taxonomy_v1,semiconductor_work,S07,common,yes,systems,email client,none,none,none,exact,none,unsupported,unsupported,unsupported
domain_taxonomy_v1,semiconductor_work,S07,common,yes,systems,task tracker,none,none,none,none,none,missed,missed,missed
domain_taxonomy_v1,semiconductor_work,S07,common,yes,inputs,meeting agenda,none,none,exact,exact,none,recovered,recovered,recovered
domain_taxonomy_v1,semiconductor_work,S07,common,yes,inputs,meeting notes or transcript,none,field,field,exact,field,recovered,recovered,unsupported
domain_taxonomy_v1,semiconductor_work,S07,common,yes,inputs,participant list,none,none,exact,exact,none,recovered,recovered,recovered
domain_taxonomy_v1,semiconductor_work,S07,common,yes,inputs,action-item list,none,field,field,field,field,recovered,recovered,missed
domain_taxonomy_v1,semiconductor_work,S07,common,yes,outputs,meeting summary email,field,field,field,exact,scatter,carried,carried,unsupported
domain_taxonomy_v1,semiconductor_work,S07,common,yes,outputs,decision list,none,scatter,scatter,field,scatter,recovered,unsupported,missed
domain_taxonomy_v1,semiconductor_work,S07,common,yes,outputs,action-item assignments,none,field,field,field,field,recovered,recovered,missed
domain_taxonomy_v1,semiconductor_work,S07,common,yes,outputs,task tracker updates,none,none,none,none,none,missed,missed,missed
domain_taxonomy_v1,semiconductor_work,S07,common,yes,decisions,Are all action items assigned to owners?,none,scatter,field,field,field,recovered,recovered,missed
domain_taxonomy_v1,semiconductor_work,S07,common,yes,decisions,Does the meeting require task tracking?,none,scatter,scatter,none,none,dropped,missed,missed
domain_taxonomy_v1,semiconductor_work,S07,common,yes,exceptions,missing transcript,none,none,none,scatter,none,unsupported,missed,missed
domain_taxonomy_v1,semiconductor_work,S07,common,yes,exceptions,unclear decision owner,none,field,field,field,field,recovered,recovered,missed
domain_taxonomy_v1,semiconductor_work,S07,common,yes,exceptions,recipient list incomplete,none,field,field,field,field,recovered,recovered,missed
domain_taxonomy_v1,semiconductor_work,S07,common,yes,exceptions,confidential content included,none,none,none,none,none,missed,missed,missed
domain_taxonomy_v1,semiconductor_work,S07,common,yes,automation_targets,A2: Extract decisions and action items,none,field,field,field,field,recovered,recovered,missed
domain_taxonomy_v1,semiconductor_work,S07,common,yes,automation_targets,A4: Draft summary email,none,field,field,field,field,recovered,recovered,missed
domain_taxonomy_v1,semiconductor_work,S07,common,yes,automation_targets,A7: Update task tracker if needed,none,none,none,none,none,missed,missed,missed
domain_taxonomy_v1,semiconductor_work,S08,common,yes,activities,Collect meeting time and participant count,none,scatter,field,scatter,none,recovered,dropped,missed
domain_taxonomy_v1,semiconductor_work,S08,common,yes,activities,Check room availability,field,exact,field,exact,none,carried,carried,unsupported
domain_taxonomy_v1,semiconductor_work,S08,common,yes,activities,Select room matching capacity and equipment needs,none,none,field,scatter,scatter,recovered,dropped,missed
domain_taxonomy_v1,semiconductor_work,S08,common,yes,activities,Reserve selected room,field,field,field,field,field,carried,carried,missed
domain_taxonomy_v1,semiconductor_work,S08,common,yes,activities,Create or update calendar invitation,none,none,field,exact,none,recovered,recovered,unsupported
domain_taxonomy_v1,semiconductor_work,S08,common,yes,activities,Notify participants of room information,field,field,field,exact,none,carried,carried,unsupported
domain_taxonomy_v1,semiconductor_work,S08,common,yes,actors,meeting organizer,field,none,scatter,scatter,scatter,carried,lost,missed
domain_taxonomy_v1,semiconductor_work,S08,common,yes,actors,meeting participants,field,scatter,scatter,scatter,field,carried,lost,missed
domain_taxonomy_v1,semiconductor_work,S08,common,yes,actors,facility system,none,none,none,none,none,missed,missed,missed
domain_taxonomy_v1,semiconductor_work,S08,common,yes,systems,calendar system,none,field,exact,exact,exact,recovered,recovered,recovered
domain_taxonomy_v1,semiconductor_work,S08,common,yes,systems,room reservation system,none,field,exact,exact,exact,recovered,recovered,recovered
domain_taxonomy_v1,semiconductor_work,S08,common,yes,systems,email or collaboration tool,none,field,exact,exact,field,recovered,recovered,recovered
domain_taxonomy_v1,semiconductor_work,S08,common,yes,inputs,meeting date and time,none,field,exact,exact,none,recovered,recovered,recovered
domain_taxonomy_v1,semiconductor_work,S08,common,yes,inputs,participant count,none,none,exact,exact,none,recovered,recovered,recovered
domain_taxonomy_v1,semiconductor_work,S08,common,yes,inputs,location preference,none,none,exact,exact,none,recovered,recovered,recovered
domain_taxonomy_v1,semiconductor_work,S08,common,yes,inputs,equipment needs,none,none,exact,exact,none,recovered,recovered,recovered
domain_taxonomy_v1,semiconductor_work,S08,common,yes,outputs,room reservation,none,exact,exact,exact,exact,recovered,recovered,recovered
domain_taxonomy_v1,semiconductor_work,S08,common,yes,outputs,calendar invitation,none,none,exact,exact,none,recovered,recovered,recovered
domain_taxonomy_v1,semiconductor_work,S08,common,yes,outputs,participant notification,none,field,field,exact,field,recovered,recovered,unsupported
domain_taxonomy_v1,semiconductor_work,S08,common,yes,decisions,Is a suitable room available?,none,field,none,exact,field,unsupported,unsupported,unsupported
domain_taxonomy_v1,semiconductor_work,S08,common,yes,decisions,Does the meeting require special equipment?,none,scatter,field,exact,scatter,recovered,recovered,unsupported
domain_taxonomy_v1,semiconductor_work,S08,common,yes,exceptions,room unavailable,none,none,none,none,none,missed,missed,missed
domain_taxonomy_v1,semiconductor_work,S08,common,yes,exceptions,participant count changes,none,none,field,field,none,recovered,recovered,missed
domain_taxonomy_v1,semiconductor_work,S08,common,yes,exceptions,reservation conflict,none,none,none,none,none,missed,missed,missed
domain_taxonomy_v1,semiconductor_work,S08,common,yes,exceptions,equipment unavailable,none,none,none,none,none,missed,missed,missed
domain_taxonomy_v1,semiconductor_work,S08,common,yes,automation_targets,A2: Check room availability,field,field,field,exact,none,carried,carried,unsupported
domain_taxonomy_v1,semiconductor_work,S08,common,yes,automation_targets,A3: Select room matching capacity and equipment needs,none,none,field,scatter,scatter,recovered,dropped,missed
domain_taxonomy_v1,semiconductor_work,S08,common,yes,automation_targets,A5: Create or update calendar invitation,none,none,field,exact,none,recovered,recovered,unsupported
domain_taxonomy_v1,semiconductor_work,S01,domain,no,activities,Review test request and conditions,none,field,field,scatter,field,recovered,dropped,missed
domain_taxonomy_v1,semiconductor_work,S01,domain,no,activities,Prepare evaluation setup,field,none,scatter,field,none,carried,carried,missed
domain_taxonomy_v1,semiconductor_work,S01,domain,no,activities,Run verification test,field,field,field,field,none,carried,carried,missed
domain_taxonomy_v1,semiconductor_work,S01,domain,no,activities,Collect result files,none,none,field,field,none,recovered,recovered,missed
domain_taxonomy_v1,semiconductor_work,S01,domain,no,activities,Check result validity,field,none,field,field,field,carried,carried,missed
domain_taxonomy_v1,semiconductor_work,S01,domain,no,activities,Summarize findings in report,none,field,field,scatter,field,recovered,dropped,missed
domain_taxonomy_v1,semiconductor_work,S01,domain,no,activities,Share report for review,none,field,field,field,none,recovered,recovered,missed
domain_taxonomy_v1,semiconductor_work,S01,domain,no,activities,Review report and request clarification if needed,none,scatter,field,field,none,recovered,recovered,missed
domain_taxonomy_v1,semiconductor_work,S01,domain,no,actors,verification engineer,field,scatter,exact,exact,none,carried,carried,recovered
domain_taxonomy_v1,semiconductor_work,S01,domain,no,actors,review engineer,none,field,exact,exact,none,recovered,recovered,recovered
domain_taxonomy_v1,semiconductor_work,S01,domain,no,actors,project owner,none,none,exact,none,exact,dropped,dropped,dropped
domain_taxonomy_v1,semiconductor_work,S01,domain,no,systems,test execution tool,none,scatter,exact,exact,exact,recovered,recovered,recovered
domain_taxonomy_v1,semiconductor_work,S01,domain,no,systems,result repository,none,none,exact,exact,exact,recovered,recovered,recovered
domain_taxonomy_v1,semiconductor_work,S01,domain,no,systems,report template,none,none,exact,exact,exact,recovered,recovered,recovered
domain_taxonomy_v1,semiconductor_work,S01,domain,no,systems,email or collaboration tool,none,none,exact,exact,exact,recovered,recovered,recovered
domain_taxonomy_v1,semiconductor_work,S01,domain,no,inputs,test request,none,field,exact,exact,exact,recovered,recovered,recovered
domain_taxonomy_v1,semiconductor_work,S01,domain,no,inputs,test condition,none,none,none,scatter,none,unsupported,missed,missed
domain_taxonomy_v1,semiconductor_work,S01,domain,no,inputs,sample identifier,none,none,none,none,none,missed,missed,missed
domain_taxonomy_v1,semiconductor_work,S01,domain,no,inputs,evaluation setup guide,none,none,scatter,scatter,none,recovered,missed,missed
domain_taxonomy_v1,semiconductor_work,S01,domain,no,outputs,test result files,field,scatter,field,field,field,carried,carried,missed
domain_taxonomy_v1,semiconductor_work,S01,domain,no,outputs,summary report,none,none,field,none,none,dropped,dropped,missed
domain_taxonomy_v1,semiconductor_work,S01,domain,no,outputs,issue list,none,none,none,none,none,missed,missed,missed
domain_taxonomy_v1,semiconductor_work,S01,domain,no,outputs,review notification,none,none,none,none,none,missed,missed,missed
domain_taxonomy_v1,semiconductor_work,S01,domain,no,decisions,Are the result files complete and readable?,none,scatter,field,field,none,recovered,recovered,missed
domain_taxonomy_v1,semiconductor_work,S01,domain,no,decisions,Do the results contain abnormal patterns?,none,scatter,field,field,field,recovered,recovered,missed
domain_taxonomy_v1,semiconductor_work,S01,domain,no,exceptions,missing setup information,none,none,exact,exact,exact,recovered,recovered,recovered
domain_taxonomy_v1,semiconductor_work,S01,domain,no,exceptions,test execution failure,none,none,exact,exact,exact,recovered,recovered,recovered
domain_taxonomy_v1,semiconductor_work,S01,domain,no,exceptions,incomplete result files,none,none,field,field,none,recovered,recovered,missed
domain_taxonomy_v1,semiconductor_work,S01,domain,no,exceptions,unclear abnormal pattern,none,none,field,field,field,recovered,recovered,missed
domain_taxonomy_v1,semiconductor_work,S01,domain,no,automation_targets,A4: Collect result files,none,none,field,field,none,recovered,recovered,missed
domain_taxonomy_v1,semiconductor_work,S01,domain,no,automation_targets,A5: Check result validity,field,none,field,field,field,carried,carried,missed
domain_taxonomy_v1,semiconductor_work,S01,domain,no,automation_targets,A6: Summarize findings in report,none,field,field,scatter,field,recovered,dropped,missed
domain_taxonomy_v1,semiconductor_work,S02,domain,no,activities,Confirm measurement request and wafer identifier,none,none,field,exact,field,recovered,recovered,unsupported
domain_taxonomy_v1,semiconductor_work,S02,domain,no,activities,Select suitable measurement equipment,none,none,field,scatter,scatter,recovered,dropped,missed
domain_taxonomy_v1,semiconductor_work,S02,domain,no,activities,Check equipment availability and reserve slot,none,none,scatter,field,field,recovered,unsupported,missed
domain_taxonomy_v1,semiconductor_work,S02,domain,no,activities,Prepare wafer according to equipment procedure,none,none,field,field,field,recovered,recovered,missed
domain_taxonomy_v1,semiconductor_work,S02,domain,no,activities,Run measurement recipe,none,none,field,exact,none,recovered,recovered,unsupported
domain_taxonomy_v1,semiconductor_work,S02,domain,no,activities,Validate measurement output,none,field,field,exact,field,recovered,recovered,unsupported
domain_taxonomy_v1,semiconductor_work,S02,domain,no,activities,Upload result and notify requester,none,none,field,field,scatter,recovered,recovered,missed
domain_taxonomy_v1,semiconductor_work,S02,domain,no,actors,measurement engineer,field,field,exact,exact,field,carried,carried,recovered
domain_taxonomy_v1,semiconductor_work,S02,domain,no,actors,equipment owner,none,none,exact,none,exact,dropped,dropped,dropped
domain_taxonomy_v1,semiconductor_work,S02,domain,no,actors,requester,none,none,exact,exact,none,recovered,recovered,recovered
domain_taxonomy_v1,semiconductor_work,S02,domain,no,systems,measurement equipment,none,none,field,exact,field,recovered,recovered,unsupported
domain_taxonomy_v1,semiconductor_work,S02,domain,no,systems,equipment reservation system,none,none,none,field,field,unsupported,unsupported,missed
domain_taxonomy_v1,semiconductor_work,S02,domain,no,systems,measurement result repository,field,field,exact,exact,exact,carried,carried,recovered
domain_taxonomy_v1,semiconductor_work,S02,domain,no,inputs,measurement request,none,none,exact,exact,exact,recovered,recovered,recovered
domain_taxonomy_v1,semiconductor_work,S02,domain,no,inputs,wafer identifier,none,none,exact,exact,none,recovered,recovered,recovered
domain_taxonomy_v1,semiconductor_work,S02,domain,no,inputs,measurement recipe,none,none,exact,exact,none,recovered,recovered,recovered
domain_taxonomy_v1,semiconductor_work,S02,domain,no,inputs,equipment availability,none,none,field,exact,field,recovered,recovered,unsupported
domain_taxonomy_v1,semiconductor_work,S02,domain,no,outputs,measurement result,field,exact,exact,exact,exact,carried,carried,recovered
domain_taxonomy_v1,semiconductor_work,S02,domain,no,outputs,equipment usage record,none,none,exact,exact,exact,recovered,recovered,recovered
domain_taxonomy_v1,semiconductor_work,S02,domain,no,outputs,request completion notice,none,none,field,field,field,recovered,recovered,missed
domain_taxonomy_v1,semiconductor_work,S02,domain,no,decisions,Which equipment is required for the requested measurement?,none,none,scatter,scatter,field,recovered,missed,missed
domain_taxonomy_v1,semiconductor_work,S02,domain,no,decisions,Is the equipment available and qualified?,none,scatter,field,field,field,recovered,recovered,missed
domain_taxonomy_v1,semiconductor_work,S02,domain,no,decisions,Is the measurement output valid?,none,field,field,exact,field,recovered,recovered,unsupported
domain_taxonomy_v1,semiconductor_work,S02,domain,no,exceptions,equipment unavailable,none,none,field,field,field,recovered,recovered,missed
domain_taxonomy_v1,semiconductor_work,S02,domain,no,exceptions,wafer information mismatch,none,none,none,scatter,none,unsupported,missed,missed
domain_taxonomy_v1,semiconductor_work,S02,domain,no,exceptions,recipe not approved,none,none,field,scatter,none,recovered,dropped,missed
domain_taxonomy_v1,semiconductor_work,S02,domain,no,exceptions,invalid measurement output,none,field,field,exact,field,recovered,recovered,unsupported
domain_taxonomy_v1,semiconductor_work,S02,domain,no,automation_targets,A2: Select suitable measurement equipment,none,none,field,scatter,scatter,recovered,dropped,missed
domain_taxonomy_v1,semiconductor_work,S02,domain,no,automation_targets,A3: Check equipment availability and reserve slot,none,none,scatter,field,field,recovered,unsupported,missed
domain_taxonomy_v1,semiconductor_work,S02,domain,no,automation_targets,A6: Validate measurement output,none,field,field,exact,field,recovered,recovered,unsupported
domain_taxonomy_v1,semiconductor_work,S03,domain,no,activities,Identify required sample and evaluation purpose,none,none,field,field,none,recovered,recovered,missed
domain_taxonomy_v1,semiconductor_work,S03,domain,no,activities,Submit sample transfer request,none,field,field,field,field,recovered,recovered,missed
domain_taxonomy_v1,semiconductor_work,S03,domain,no,activities,Approve transfer request,none,field,field,exact,field,recovered,recovered,unsupported
domain_taxonomy_v1,semiconductor_work,S03,domain,no,activities,Physically confirm sample,none,field,field,field,none,recovered,recovered,missed
domain_taxonomy_v1,semiconductor_work,S03,domain,no,activities,Move sample to target location,none,scatter,scatter,scatter,none,recovered,missed,missed
domain_taxonomy_v1,semiconductor_work,S03,domain,no,activities,Update sample status after evaluation,field,none,field,field,scatter,carried,carried,missed
domain_taxonomy_v1,semiconductor_work,S03,domain,no,activities,Submit disposal request for completed sample,none,field,field,scatter,scatter,recovered,dropped,missed
domain_taxonomy_v1,semiconductor_work,S03,domain,no,activities,Approve and record disposal,none,field,field,field,scatter,recovered,recovered,missed
domain_taxonomy_v1,semiconductor_work,S03,domain,no,actors,sample requester,none,none,exact,exact,exact,recovered,recovered,recovered
domain_taxonomy_v1,semiconductor_work,S03,domain,no,actors,sample manager,none,none,exact,exact,none,recovered,recovered,recovered
domain_taxonomy_v1,semiconductor_work,S03,domain,no,actors,verification engineer,none,none,exact,exact,exact,recovered,recovered,recovered
domain_taxonomy_v1,semiconductor_work,S03,domain,no,actors,approver,none,none,exact,exact,exact,recovered,recovered,recovered
domain_taxonomy_v1,semiconductor_work,S03,domain,no,systems,sample tracking sheet,none,none,exact,exact,none,recovered,recovered,recovered
domain_taxonomy_v1,semiconductor_work,S03,domain,no,systems,transfer request form,none,field,exact,exact,exact,recovered,recovered,recovered
domain_taxonomy_v1,semiconductor_work,S03,domain,no,systems,approval system,none,scatter,exact,exact,none,recovered,recovered,recovered
domain_taxonomy_v1,semiconductor_work,S03,domain,no,systems,storage location registry,none,none,exact,exact,none,recovered,recovered,recovered
domain_taxonomy_v1,semiconductor_work,S03,domain,no,inputs,sample identifier,none,none,exact,exact,exact,recovered,recovered,recovered
domain_taxonomy_v1,semiconductor_work,S03,domain,no,inputs,evaluation purpose,none,none,exact,exact,none,recovered,recovered,recovered
domain_taxonomy_v1,semiconductor_work,S03,domain,no,inputs,target location,none,scatter,none,scatter,none,unsupported,missed,missed
domain_taxonomy_v1,semiconductor_work,S03,domain,no,inputs,disposal reason,none,none,none,none,none,missed,missed,missed
domain_taxonomy_v1,semiconductor_work,S03,domain,no,outputs,transfer approval,none,scatter,exact,exact,field,recovered,recovered,recovered
domain_taxonomy_v1,semiconductor_work,S03,domain,no,outputs,updated sample status,none,field,exact,exact,none,recovered,recovered,recovered
domain_taxonomy_v1,semiconductor_work,S03,domain,no,outputs,disposal record,none,field,exact,exact,none,recovered,recovered,recovered
domain_taxonomy_v1,semiconductor_work,S03,domain,no,outputs,physical confirmation note,none,none,exact,exact,none,recovered,recovered,recovered
domain_taxonomy_v1,semiconductor_work,S03,domain,no,decisions,Is the sample available and correctly identified?,none,none,field,field,none,recovered,recovered,missed
domain_taxonomy_v1,semiconductor_work,S03,domain,no,decisions,Is disposal allowed after evaluation?,none,none,field,scatter,scatter,recovered,dropped,missed
domain_taxonomy_v1,semiconductor_work,S03,domain,no,exceptions,sample identifier mismatch,none,none,exact,exact,exact,recovered,recovered,recovered
domain_taxonomy_v1,semiconductor_work,S03,domain,no,exceptions,missing physical sample,none,field,exact,exact,exact,recovered,recovered,recovered
domain_taxonomy_v1,semiconductor_work,S03,domain,no,exceptions,approval delay,none,none,none,none,none,missed,missed,missed
domain_taxonomy_v1,semiconductor_work,S03,domain,no,exceptions,retention requirement,none,none,exact,exact,none,recovered,recovered,recovered
domain_taxonomy_v1,semiconductor_work,S03,domain,no,automation_targets,A2: Submit sample transfer request,none,field,field,field,field,recovered,recovered,missed
domain_taxonomy_v1,semiconductor_work,S03,domain,no,automation_targets,A6: Update sample status after evaluation,field,none,field,field,scatter,carried,carried,missed
domain_taxonomy_v1,semiconductor_work,S03,domain,no,automation_targets,A7: Submit disposal request for completed sample,none,field,field,scatter,scatter,recovered,dropped,missed
domain_taxonomy_v1,semiconductor_work,S04,domain,no,activities,Register defect issue with initial evidence,none,none,scatter,scatter,none,recovered,missed,missed
domain_taxonomy_v1,semiconductor_work,S04,domain,no,activities,Classify issue severity and affected scope,none,none,field,field,none,recovered,recovered,missed
domain_taxonomy_v1,semiconductor_work,S04,domain,no,activities,Notify related teams and assign owners,none,none,field,field,scatter,recovered,recovered,missed
domain_taxonomy_v1,semiconductor_work,S04,domain,no,activities,Define root-cause hypotheses,none,none,none,scatter,field,unsupported,missed,missed
domain_taxonomy_v1,semiconductor_work,S04,domain,no,activities,Plan and run follow-up experiment,none,none,none,scatter,none,unsupported,missed,missed
domain_taxonomy_v1,semiconductor_work,S04,domain,no,activities,Review experiment result and select improvement action,none,none,field,scatter,none,recovered,dropped,missed
domain_taxonomy_v1,semiconductor_work,S04,domain,no,activities,Assess customer risk,none,none,field,exact,none,recovered,recovered,unsupported
domain_taxonomy_v1,semiconductor_work,S04,domain,no,activities,Share final report and action items,none,none,field,field,none,recovered,recovered,missed
domain_taxonomy_v1,semiconductor_work,S04,domain,no,actors,issue owner,none,none,exact,exact,exact,recovered,recovered,recovered
domain_taxonomy_v1,semiconductor_work,S04,domain,no,actors,process engineer,none,none,exact,exact,none,recovered,recovered,recovered
domain_taxonomy_v1,semiconductor_work,S04,domain,no,actors,quality engineer,none,none,exact,exact,none,recovered,recovered,recovered
domain_taxonomy_v1,semiconductor_work,S04,domain,no,actors,customer interface owner,none,none,exact,exact,none,recovered,recovered,recovered
domain_taxonomy_v1,semiconductor_work,S04,domain,no,actors,manager,none,none,exact,exact,exact,recovered,recovered,recovered
domain_taxonomy_v1,semiconductor_work,S04,domain,no,systems,issue tracking system,none,none,exact,exact,none,recovered,recovered,recovered
domain_taxonomy_v1,semiconductor_work,S04,domain,no,systems,experiment log,none,field,exact,exact,none,recovered,recovered,recovered
domain_taxonomy_v1,semiconductor_work,S04,domain,no,systems,risk report template,field,field,exact,exact,field,carried,carried,recovered
domain_taxonomy_v1,semiconductor_work,S04,domain,no,systems,collaboration tool,none,none,exact,exact,exact,recovered,recovered,recovered
domain_taxonomy_v1,semiconductor_work,S04,domain,no,inputs,defect description,none,none,none,exact,none,unsupported,unsupported,unsupported
domain_taxonomy_v1,semiconductor_work,S04,domain,no,inputs,sample or lot context,none,none,none,none,none,missed,missed,missed
domain_taxonomy_v1,semiconductor_work,S04,domain,no,inputs,initial evidence,none,none,none,none,none,missed,missed,missed
domain_taxonomy_v1,semiconductor_work,S04,domain,no,inputs,customer impact assumption,none,none,none,none,none,missed,missed,missed
domain_taxonomy_v1,semiconductor_work,S04,domain,no,outputs,issue report,field,none,exact,exact,scatter,carried,carried,recovered
domain_taxonomy_v1,semiconductor_work,S04,domain,no,outputs,root-cause hypothesis,none,none,exact,exact,exact,recovered,recovered,recovered
domain_taxonomy_v1,semiconductor_work,S04,domain,no,outputs,experiment plan,none,none,none,exact,none,unsupported,unsupported,unsupported
domain_taxonomy_v1,semiconductor_work,S04,domain,no,outputs,improvement action,none,none,exact,exact,none,recovered,recovered,recovered
domain_taxonomy_v1,semiconductor_work,S04,domain,no,outputs,customer risk summary,none,none,exact,exact,none,recovered,recovered,recovered
domain_taxonomy_v1,semiconductor_work,S04,domain,no,decisions,Is the issue customer-impacting?,none,none,field,field,none,recovered,recovered,missed
domain_taxonomy_v1,semiconductor_work,S04,domain,no,decisions,Does the experiment support the root-cause hypothesis?,none,none,field,field,field,recovered,recovered,missed
domain_taxonomy_v1,semiconductor_work,S04,domain,no,exceptions,insufficient evidence,none,none,none,none,none,missed,missed,missed
domain_taxonomy_v1,semiconductor_work,S04,domain,no,exceptions,unclear owner,none,none,none,none,scatter,missed,missed,missed
domain_taxonomy_v1,semiconductor_work,S04,domain,no,exceptions,experiment delay,none,none,none,none,none,missed,missed,missed
domain_taxonomy_v1,semiconductor_work,S04,domain,no,exceptions,conflicting root-cause hypotheses,none,none,none,none,none,missed,missed,missed
domain_taxonomy_v1,semiconductor_work,S04,domain,no,automation_targets,A1: Register defect issue with initial evidence,none,none,scatter,scatter,none,recovered,missed,missed
domain_taxonomy_v1,semiconductor_work,S04,domain,no,automation_targets,A3: Notify related teams and assign owners,none,none,field,field,scatter,recovered,recovered,missed
domain_taxonomy_v1,semiconductor_work,S04,domain,no,automation_targets,A8: Share final report and action items,none,none,field,field,none,recovered,recovered,missed
domain_taxonomy_v1,semiconductor_work,S05,domain,no,activities,Collect document and related change list,none,scatter,field,field,none,recovered,recovered,missed
domain_taxonomy_v1,semiconductor_work,S05,domain,no,activities,Compare feature changes with document content,none,none,field,scatter,none,recovered,dropped,missed
domain_taxonomy_v1,semiconductor_work,S05,domain,no,activities,Check terminology and formatting consistency,none,field,field,field,none,recovered,recovered,missed
domain_taxonomy_v1,semiconductor_work,S05,domain,no,activities,Record comments and requested revisions,none,none,field,scatter,none,recovered,dropped,missed
domain_taxonomy_v1,semiconductor_work,S05,domain,no,activities,Revise document based on comments,none,none,scatter,scatter,none,recovered,missed,missed
domain_taxonomy_v1,semiconductor_work,S05,domain,no,activities,Confirm revisions with feature owner,none,none,field,exact,field,recovered,recovered,unsupported
domain_taxonomy_v1,semiconductor_work,S05,domain,no,activities,Approve final document,none,field,field,field,field,recovered,recovered,missed
domain_taxonomy_v1,semiconductor_work,S05,domain,no,actors,document reviewer,none,field,exact,exact,none,recovered,recovered,recovered
domain_taxonomy_v1,semiconductor_work,S05,domain,no,actors,feature owner,none,none,exact,exact,exact,recovered,recovered,recovered
domain_taxonomy_v1,semiconductor_work,S05,domain,no,actors,document author,none,none,exact,exact,exact,recovered,recovered,recovered
domain_taxonomy_v1,semiconductor_work,S05,domain,no,actors,approver,none,none,exact,exact,exact,recovered,recovered,recovered
domain_taxonomy_v1,semiconductor_work,S05,domain,no,systems,document repository,none,none,exact,exact,exact,recovered,recovered,recovered
domain_taxonomy_v1,semiconductor_work,S05,domain,no,systems,change request tracker,none,none,exact,exact,none,recovered,recovered,recovered
domain_taxonomy_v1,semiconductor_work,S05,domain,no,systems,review checklist,none,field,exact,exact,exact,recovered,recovered,recovered
domain_taxonomy_v1,semiconductor_work,S05,domain,no,systems,commenting tool,none,none,exact,exact,exact,recovered,recovered,recovered
domain_taxonomy_v1,semiconductor_work,S05,domain,no,inputs,specification document,exact,exact,none,exact,exact,carried,carried,carried
domain_taxonomy_v1,semiconductor_work,S05,domain,no,inputs,feature change list,none,field,field,field,scatter,recovered,recovered,missed
domain_taxonomy_v1,semiconductor_work,S05,domain,no,inputs,previous document version,none,field,none,none,none,missed,missed,missed
domain_taxonomy_v1,semiconductor_work,S05,domain,no,inputs,review checklist,none,field,exact,exact,exact,recovered,recovered,recovered
domain_taxonomy_v1,semiconductor_work,S05,domain,no,outputs,review comments,none,none,exact,exact,none,recovered,recovered,recovered
domain_taxonomy_v1,semiconductor_work,S05,domain,no,outputs,change request list,none,scatter,exact,exact,none,recovered,recovered,recovered
domain_taxonomy_v1,semiconductor_work,S05,domain,no,outputs,approval decision,none,none,exact,exact,none,recovered,recovered,recovered
domain_taxonomy_v1,semiconductor_work,S05,domain,no,outputs,updated document,none,none,exact,field,none,recovered,recovered,dropped
domain_taxonomy_v1,semiconductor_work,S05,domain,no,decisions,Are all feature changes reflected?,field,none,field,field,field,carried,carried,missed
domain_taxonomy_v1,semiconductor_work,S05,domain,no,decisions,Are the revisions acceptable?,none,none,field,field,field,recovered,recovered,missed
domain_taxonomy_v1,semiconductor_work,S05,domain,no,exceptions,missing change list,none,scatter,field,field,none,recovered,recovered,missed
domain_taxonomy_v1,semiconductor_work,S05,domain,no,exceptions,conflicting terminology,none,none,none,none,none,missed,missed,missed
domain_taxonomy_v1,semiconductor_work,S05,domain,no,exceptions,unclear feature owner,none,none,field,field,field,recovered,recovered,missed
domain_taxonomy_v1,semiconductor_work,S05,domain,no,exceptions,unresolved comments,none,none,none,none,none,missed,missed,missed
domain_taxonomy_v1,semiconductor_work,S05,domain,no,automation_targets,A2: Compare feature changes with document content,none,none,field,scatter,none,recovered,dropped,missed
domain_taxonomy_v1,semiconductor_work,S05,domain,no,automation_targets,A3: Check terminology and formatting consistency,none,field,field,field,none,recovered,recovered,missed
domain_taxonomy_v1,semiconductor_work,S05,domain,no,automation_targets,A4: Record comments and requested revisions,none,none,field,scatter,none,recovered,dropped,missed
domain_taxonomy_v1,semiconductor_work,S06,domain,no,activities,Prepare agenda and issue summary,none,scatter,scatter,scatter,none,recovered,missed,missed
domain_taxonomy_v1,semiconductor_work,S06,domain,no,activities,Schedule meeting with vendor,field,field,none,field,field,carried,carried,missed
domain_taxonomy_v1,semiconductor_work,S06,domain,no,activities,Discuss improvement options,field,none,none,field,none,carried,carried,missed
domain_taxonomy_v1,semiconductor_work,S06,domain,no,activities,Record decisions and open questions,none,none,field,exact,none,recovered,recovered,unsupported
domain_taxonomy_v1,semiconductor_work,S06,domain,no,activities,Assign action-item owners and due dates,none,scatter,field,exact,field,recovered,recovered,unsupported
domain_taxonomy_v1,semiconductor_work,S06,domain,no,activities,Share meeting summary,none,field,field,exact,field,recovered,recovered,unsupported
domain_taxonomy_v1,semiconductor_work,S06,domain,no,activities,Track action-item progress,none,field,field,field,field,recovered,recovered,missed
domain_taxonomy_v1,semiconductor_work,S06,domain,no,actors,equipment engineer,none,none,none,none,none,missed,missed,missed
domain_taxonomy_v1,semiconductor_work,S06,domain,no,actors,vendor representative,none,none,none,none,none,missed,missed,missed
domain_taxonomy_v1,semiconductor_work,S06,domain,no,actors,meeting organizer,none,none,exact,exact,exact,recovered,recovered,recovered
domain_taxonomy_v1,semiconductor_work,S06,domain,no,actors,action-item owner,field,field,exact,exact,field,carried,carried,recovered
domain_taxonomy_v1,semiconductor_work,S06,domain,no,actors,manager,none,exact,exact,exact,exact,recovered,recovered,recovered
domain_taxonomy_v1,semiconductor_work,S06,domain,no,systems,calendar system,none,none,none,exact,none,unsupported,unsupported,unsupported
domain_taxonomy_v1,semiconductor_work,S06,domain,no,systems,meeting notes,none,none,exact,exact,none,recovered,recovered,recovered
domain_taxonomy_v1,semiconductor_work,S06,domain,no,systems,action-item tracker,field,field,exact,exact,exact,carried,carried,recovered
domain_taxonomy_v1,semiconductor_work,S06,domain,no,systems,shared document repository,none,field,exact,exact,exact,recovered,recovered,recovered
domain_taxonomy_v1,semiconductor_work,S06,domain,no,inputs,improvement request,none,none,exact,exact,none,recovered,recovered,recovered
domain_taxonomy_v1,semiconductor_work,S06,domain,no,inputs,equipment issue summary,none,field,exact,exact,none,recovered,recovered,recovered
domain_taxonomy_v1,semiconductor_work,S06,domain,no,inputs,meeting agenda,none,none,none,exact,none,unsupported,unsupported,unsupported
domain_taxonomy_v1,semiconductor_work,S06,domain,no,inputs,vendor proposal,none,none,none,none,none,missed,missed,missed
domain_taxonomy_v1,semiconductor_work,S06,domain,no,outputs,meeting minutes,none,none,none,none,none,missed,missed,missed
domain_taxonomy_v1,semiconductor_work,S06,domain,no,outputs,action-item list,field,field,field,field,field,carried,carried,missed
domain_taxonomy_v1,semiconductor_work,S06,domain,no,outputs,owner and due date assignments,none,scatter,field,field,field,recovered,recovered,missed
domain_taxonomy_v1,semiconductor_work,S06,domain,no,outputs,updated improvement proposal,none,none,none,none,none,missed,missed,missed
domain_taxonomy_v1,semiconductor_work,S06,domain,no,decisions,Is the proposed improvement technically feasible?,none,none,none,none,none,missed,missed,missed
domain_taxonomy_v1,semiconductor_work,S06,domain,no,decisions,Are action items clearly owned?,none,field,scatter,scatter,field,recovered,missed,missed
domain_taxonomy_v1,semiconductor_work,S06,domain,no,exceptions,agenda not prepared,none,none,none,scatter,none,unsupported,missed,missed
domain_taxonomy_v1,semiconductor_work,S06,domain,no,exceptions,vendor proposal incomplete,none,none,none,none,none,missed,missed,missed
domain_taxonomy_v1,semiconductor_work,S06,domain,no,exceptions,unclear owner,none,none,none,none,scatter,missed,missed,missed
domain_taxonomy_v1,semiconductor_work,S06,domain,no,exceptions,missed follow-up deadline,none,none,exact,exact,none,recovered,recovered,recovered
domain_taxonomy_v1,semiconductor_work,S06,domain,no,automation_targets,A2: Schedule meeting with vendor,field,field,none,field,field,carried,carried,missed
domain_taxonomy_v1,semiconductor_work,S06,domain,no,automation_targets,A4: Record decisions and open questions,none,none,field,scatter,none,recovered,dropped,missed
domain_taxonomy_v1,semiconductor_work,S06,domain,no,automation_targets,A7: Track action-item progress,none,field,field,field,field,recovered,recovered,missed
domain_taxonomy_v1,semiconductor_work,S07,domain,no,activities,Collect meeting notes or transcript,none,none,field,field,field,recovered,recovered,missed
domain_taxonomy_v1,semiconductor_work,S07,domain,no,activities,Extract decisions and action items,none,field,field,exact,field,recovered,recovered,unsupported
domain_taxonomy_v1,semiconductor_work,S07,domain,no,activities,Confirm unclear items with decision owners,none,none,exact,field,none,recovered,recovered,dropped
domain_taxonomy_v1,semiconductor_work,S07,domain,no,activities,Draft summary email,none,field,field,field,field,recovered,recovered,missed
domain_taxonomy_v1,semiconductor_work,S07,domain,no,activities,Attach or link supporting materials,none,none,none,none,none,missed,missed,missed
domain_taxonomy_v1,semiconductor_work,S07,domain,no,activities,Send email to relevant recipients,none,none,field,scatter,none,recovered,dropped,missed
domain_taxonomy_v1,semiconductor_work,S07,domain,no,activities,Update task tracker if needed,none,none,none,none,none,missed,missed,missed
domain_taxonomy_v1,semiconductor_work,S07,domain,no,actors,meeting participant,none,none,scatter,field,exact,recovered,unsupported,missed
domain_taxonomy_v1,semiconductor_work,S07,domain,no,actors,minute taker,none,none,exact,exact,exact,recovered,recovered,recovered
domain_taxonomy_v1,semiconductor_work,S07,domain,no,actors,decision owner,none,field,exact,exact,none,recovered,recovered,recovered
domain_taxonomy_v1,semiconductor_work,S07,domain,no,actors,recipient,none,exact,exact,exact,exact,recovered,recovered,recovered
domain_taxonomy_v1,semiconductor_work,S07,domain,no,systems,calendar system,none,none,exact,exact,exact,recovered,recovered,recovered
domain_taxonomy_v1,semiconductor_work,S07,domain,no,systems,meeting transcript or notes,none,field,field,exact,field,recovered,recovered,unsupported
domain_taxonomy_v1,semiconductor_work,S07,domain,no,systems,email client,none,none,exact,exact,exact,recovered,recovered,recovered
domain_taxonomy_v1,semiconductor_work,S07,domain,no,systems,task tracker,none,none,exact,exact,exact,recovered,recovered,recovered
domain_taxonomy_v1,semiconductor_work,S07,domain,no,inputs,meeting agenda,none,none,none,exact,none,unsupported,unsupported,unsupported
domain_taxonomy_v1,semiconductor_work,S07,domain,no,inputs,meeting notes or transcript,none,field,field,exact,field,recovered,recovered,unsupported
domain_taxonomy_v1,semiconductor_work,S07,domain,no,inputs,participant list,none,none,exact,exact,scatter,recovered,recovered,recovered
domain_taxonomy_v1,semiconductor_work,S07,domain,no,inputs,action-item list,none,field,field,exact,field,recovered,recovered,unsupported
domain_taxonomy_v1,semiconductor_work,S07,domain,no,outputs,meeting summary email,field,field,field,field,field,carried,carried,missed
domain_taxonomy_v1,semiconductor_work,S07,domain,no,outputs,decision list,none,scatter,scatter,field,scatter,recovered,unsupported,missed
domain_taxonomy_v1,semiconductor_work,S07,domain,no,outputs,action-item assignments,none,field,exact,exact,exact,recovered,recovered,recovered
domain_taxonomy_v1,semiconductor_work,S07,domain,no,outputs,task tracker updates,none,none,field,field,field,recovered,recovered,missed
domain_taxonomy_v1,semiconductor_work,S07,domain,no,decisions,Are all action items assigned to owners?,none,scatter,field,scatter,none,recovered,dropped,missed
domain_taxonomy_v1,semiconductor_work,S07,domain,no,decisions,Does the meeting require task tracking?,none,scatter,field,scatter,none,recovered,dropped,missed
domain_taxonomy_v1,semiconductor_work,S07,domain,no,exceptions,missing transcript,none,none,none,field,none,unsupported,unsupported,missed
domain_taxonomy_v1,semiconductor_work,S07,domain,no,exceptions,unclear decision owner,none,field,field,field,none,recovered,recovered,missed
domain_taxonomy_v1,semiconductor_work,S07,domain,no,exceptions,recipient list incomplete,none,field,field,field,field,recovered,recovered,missed
domain_taxonomy_v1,semiconductor_work,S07,domain,no,exceptions,confidential content included,none,none,none,none,none,missed,missed,missed
domain_taxonomy_v1,semiconductor_work,S07,domain,no,automation_targets,A2: Extract decisions and action items,none,field,field,field,field,recovered,recovered,missed
domain_taxonomy_v1,semiconductor_work,S07,domain,no,automation_targets,A4: Draft summary email,none,field,field,field,field,recovered,recovered,missed
domain_taxonomy_v1,semiconductor_work,S07,domain,no,automation_targets,A7: Update task tracker if needed,none,none,none,none,none,missed,missed,missed
domain_taxonomy_v1,semiconductor_work,S08,domain,no,activities,Collect meeting time and participant count,none,scatter,field,scatter,none,recovered,dropped,missed
domain_taxonomy_v1,semiconductor_work,S08,domain,no,activities,Check room availability,field,exact,field,exact,none,carried,carried,unsupported
domain_taxonomy_v1,semiconductor_work,S08,domain,no,activities,Select room matching capacity and equipment needs,none,scatter,field,field,none,recovered,recovered,missed
domain_taxonomy_v1,semiconductor_work,S08,domain,no,activities,Reserve selected room,field,none,none,field,none,carried,carried,missed
domain_taxonomy_v1,semiconductor_work,S08,domain,no,activities,Create or update calendar invitation,none,none,none,none,none,missed,missed,missed
domain_taxonomy_v1,semiconductor_work,S08,domain,no,activities,Notify participants of room information,field,field,field,none,none,lost,lost,missed
domain_taxonomy_v1,semiconductor_work,S08,domain,no,actors,meeting organizer,field,field,exact,field,none,carried,carried,dropped
domain_taxonomy_v1,semiconductor_work,S08,domain,no,actors,meeting participants,field,scatter,scatter,scatter,none,carried,lost,missed
domain_taxonomy_v1,semiconductor_work,S08,domain,no,actors,facility system,none,none,none,none,none,missed,missed,missed
domain_taxonomy_v1,semiconductor_work,S08,domain,no,systems,calendar system,none,scatter,exact,exact,exact,recovered,recovered,recovered
domain_taxonomy_v1,semiconductor_work,S08,domain,no,systems,room reservation system,none,field,exact,exact,exact,recovered,recovered,recovered
domain_taxonomy_v1,semiconductor_work,S08,domain,no,systems,email or collaboration tool,none,scatter,exact,exact,field,recovered,recovered,recovered
domain_taxonomy_v1,semiconductor_work,S08,domain,no,inputs,meeting date and time,none,scatter,exact,exact,none,recovered,recovered,recovered
domain_taxonomy_v1,semiconductor_work,S08,domain,no,inputs,participant count,none,none,exact,exact,none,recovered,recovered,recovered
domain_taxonomy_v1,semiconductor_work,S08,domain,no,inputs,location preference,none,none,exact,exact,none,recovered,recovered,recovered
domain_taxonomy_v1,semiconductor_work,S08,domain,no,inputs,equipment needs,none,none,exact,exact,none,recovered,recovered,recovered
domain_taxonomy_v1,semiconductor_work,S08,domain,no,outputs,room reservation,none,exact,exact,exact,exact,recovered,recovered,recovered
domain_taxonomy_v1,semiconductor_work,S08,domain,no,outputs,calendar invitation,none,none,exact,exact,none,recovered,recovered,recovered
domain_taxonomy_v1,semiconductor_work,S08,domain,no,outputs,participant notification,none,field,exact,exact,exact,recovered,recovered,recovered
domain_taxonomy_v1,semiconductor_work,S08,domain,no,decisions,Is a suitable room available?,none,field,field,exact,field,recovered,recovered,unsupported
domain_taxonomy_v1,semiconductor_work,S08,domain,no,decisions,Does the meeting require special equipment?,none,scatter,field,scatter,none,recovered,dropped,missed
domain_taxonomy_v1,semiconductor_work,S08,domain,no,exceptions,room unavailable,none,none,none,none,none,missed,missed,missed
domain_taxonomy_v1,semiconductor_work,S08,domain,no,exceptions,participant count changes,none,none,field,field,none,recovered,recovered,missed
domain_taxonomy_v1,semiconductor_work,S08,domain,no,exceptions,reservation conflict,none,scatter,exact,field,exact,recovered,recovered,dropped
domain_taxonomy_v1,semiconductor_work,S08,domain,no,exceptions,equipment unavailable,none,none,none,none,none,missed,missed,missed
domain_taxonomy_v1,semiconductor_work,S08,domain,no,automation_targets,A2: Check room availability,field,field,field,exact,none,carried,carried,unsupported
domain_taxonomy_v1,semiconductor_work,S08,domain,no,automation_targets,A3: Select room matching capacity and equipment needs,none,scatter,field,field,none,recovered,recovered,missed
domain_taxonomy_v1,semiconductor_work,S08,domain,no,automation_targets,A5: Create or update calendar invitation,none,none,none,none,none,missed,missed,missed
